timestamp,testcase_id,query,expected_keywords,reference,judge_criteria,batch,difficulty,special_case,model_id,provider_order,primary_provider_slug,primary_provider_quantization,actual_provider,allow_fallbacks,endpoint_tools_supported,context_length,max_completion_tokens,quantization,input_price_per_1m,output_price_per_1m,input_tokens,output_tokens,used_tokens,input_cost_usd,output_cost_usd,total_cost_usd,openrouter_generation_id,latency_ms,langsmith_project,langsmith_tags,status,error,answer
2026-06-03T07:22:26.716923+00:00,RAG-Q-001,근로기준법에서 근로자와 사용자 관련해서 기본적으로 어떤 내용을 확인해야 해?,"필수 키워드: 근로기준법, 근로자, 사용자, 근로조건. 정답 방향: 질문 조건에 맞는 제도명과 판단 기준을 설명하고, 근로기준법, 근로자, 사용자, 근로조건 키워드를 포함하며, 자료에 없는 개인별 확정 가능 여부는 추가 확인이 필요하다고 밝혀야 한다.","참고 문서: cleaned_근로기준법_raw.json.md. 근거: cleaned_근로기준법_raw.json.md에서 질문 주제와 직접 연결되는 조문, 항목, 표 컬럼, 지역명을 근거로 제시해야 한다.","LLM 답변이 필수 키워드를 포함하고, 질문 상황에 맞게 같은 의미의 표현으로 설명하면 통과. 관련 법령명과 핵심 키워드를 포함해야 함",law_user_questions,medium,일반,openai/gpt-oss-120b,"[""cerebras/fp16""]",cerebras,fp16,cerebras,false,true,131072,40960,fp16,0.35,0.75,887,1167,2054,0.00031045,0.00087525,0.0011857,gen-1780471346-XwzV1iWdMJAGhXiGf0TF,1955,skn28-backend-agent-dev,"[""backend-settings-benchmark"", ""openai/gpt-oss-120b"", ""cerebras"", ""RAG-Q-001""]",success,,"제가 이해한 바로는 ‘근로기준법(근로기준법)’에서 **근로자와 사용자가 알아야 할 기본적인 권리·의무**를 궁금해하시는 것 같습니다. 아래에 가장 핵심적인 내용들을 정리해 드릴게요.  

---

## 1️⃣ 근로자·사용자 정의와 적용 대상
- **근로자** : 사용자의 지휘·감독 아래 일정한 근로를 제공하고 급여를 받는 사람. (제2조)  
- **사용자** : 근로자를 고용하고 급여·근로조건을 제공하는 사람·사업주. (제2조)  
- **적용 대상** : 1인 사업자·프리랜서·일용직 등 대부분의 고용관계에 적용되며, **공공기관·국가·지방자치단체도 ‘사용자’에 포함**됩니다.  

## 2️⃣ 근로계약·근로조건
| 항목 | 핵심 내용 |
|------|-----------|
| **근로계약서** | 서면(또는 전자)으로 근로조건(임금, 근로시간, 휴일 등)을 명시해야 함 (제17조). |
| **임금** | 최저임금 이상 지급, 통화·현금·계좌이체 등 **전액** 지급(제43조). <br>임금명세서 제공 의무(제55조). |
| **근로시간** | 1일 8시간, 1주 40시간을 초과하면 **연장·야간·휴일근로**로 간주하고 별도 수당 지급(제50조~제55조). |
| **휴게·휴일** | 4시간 이상 근로 시 30분 이상 휴게시간 제공(제55조). <br>주 1일 이상의 **유급휴일**(법정휴일) 제공(제55조). |
| **연차·유급휴가** | 1년 이상 근속 시 연 15일(근속 연수에 따라 가산) 유급휴가 부여(제60조). |
| **산재·안전** | 산업안전보건법에 따라 **산업재해 예방·보상** 의무(제2조·제3조). |
| **해고·퇴직** | 부당해고 금지, 해고 시 **30일 전 통보** 또는 **30일 급여** 지급(제26조). <br>퇴직금(퇴직금법) 지급 의무(제2조). |

## 3️⃣ 사용자 의무
- **근로조건 명시·보장** : 근로계약서·임금명세서 제공, 최저임금·연장수당 등 법정수당 지급.  
- **근로시간·휴게 관리** : 근로시간 기록·점검, 휴게·휴일 보장.  
- **안전·보건** : 작업장 안전점검, 위험물·유해물질 관리, 산업재해 예방 교육.  
- **노동관계 서류 보관** : 근로계약서·임금명세서·근로시간 기록 등 최소 3년 보관(제71조).  

## 4️⃣ 근로자 권리·보호
- **임금 체불 시**: 근로감독관에 신고·민원 제기 가능.  
- **부당해고 구제**: 노동위원회에 구제신청(부당해고 구제절차).  
- **노동조합·단체협약**: 조합 설립·가입·협상권 보장(제2조·제4조).  

---

### 📌 추가로 확인하면 좋은 항목
1. **최저임금** – 현재 최저임금 수준과 적용 시점(연봉·시급).  
2. **연장·야간·휴일수당** – 각각 1.5배·2배·2.5배 등 구체 비율.  
3. **퇴직금 산정 방법** – 평균임금·근속연수에 따른 계산식.  

---

## 다음 단계에서 선택해 주세요
1️⃣ **임금·수당**에 대해 더 자세히 알고 싶어요.  
2️⃣ **근로시간·휴게** 규정과 예외(탄력근로제 등)를 알고 싶어요.  
3️⃣ **해고·퇴직** 절차와 구제 방법을 구체적으로 알려 주세요.  

원하시는 항목을 알려 주시면 그에 맞춰 구체적인 조항·예시까지 자세히 안내해 드릴게요!"
