testcase_id,query_text,provider_count,avg_input_tokens,avg_output_tokens,avg_used_tokens,avg_total_cost_usd,avg_latency_ms,max_latency_ms,fastest_provider,cheapest_provider
RAG-Q-001,근로기준법에서 근로자와 사용자 관련해서 기본적으로 어떤 내용을 확인해야 해?,12,923.6666666666666,1299.5,2223.1666666666665,0.0033678196499999998,27224.75,51578,openai/gpt-oss-120b / cerebras,deepseek/deepseek-v4-flash / deepinfra
RAG-Q-002,최저임금이 적용되는지 확인하려면 어떤 법 문서를 봐야 해?,12,921.75,783.5833333333334,1705.3333333333333,0.0017830500166666667,16082.5,54034,openai/gpt-oss-120b / cerebras,deepseek/deepseek-v4-flash / deepinfra
RAG-Q-003,퇴직급여나 퇴직연금 관련 질문은 어떤 문서를 근거로 답해야 해?,12,928.4166666666666,1155.4166666666667,2083.8333333333335,0.0028180284333333334,24813.083333333332,64112,openai/gpt-oss-120b / cerebras,deepseek/deepseek-v4-flash / deepinfra
RAG-Q-004,고용보험 관련해서 실업급여나 피보험자 내용을 확인하고 싶어.,12,922.5833333333334,1462.0,2384.5833333333335,0.0032700879333333334,29632.333333333332,59279,openai/gpt-oss-120b / cerebras,deepseek/deepseek-v4-flash / deepinfra
RAG-Q-005,고령자 채용에서 나이 차별 관련 근거 법령은 뭐야?,12,920.75,1128.8333333333333,2049.5833333333335,0.0028486179333333333,22252.833333333332,44751,openai/gpt-oss-120b / cerebras,deepseek/deepseek-v4-flash / deepinfra
RAG-Q-006,노인복지시설 관련 법적 근거는 어느 문서를 봐야 해?,12,922.5833333333334,1031.0833333333333,1953.6666666666667,0.0025311829333333332,20702.833333333332,38450,openai/gpt-oss-120b / cerebras,deepseek/deepseek-v4-flash / gmicloud
RAG-Q-007,기초연금 받을 수 있는지 판단할 때 어떤 키워드를 봐야 해?,12,923.5833333333334,1278.0833333333333,2201.6666666666665,0.003203157683333333,26825.083333333332,52110,openai/gpt-oss-120b / cerebras,deepseek/deepseek-v4-flash / deepinfra
RAG-Q-008,기초연금은 만 65세만 넘으면 무조건 다 받을 수 있어?,12,921.6666666666666,923.0,1844.6666666666667,0.002201166683333333,18832.75,38357,openai/gpt-oss-120b / cerebras,deepseek/deepseek-v4-flash / deepinfra
RAG-Q-009,고령자 채용 공고에서 나이 제한이 있으면 전부 불법이야?,12,922.75,1318.0,2240.75,0.0028873572666666667,24367.666666666668,60330,openai/gpt-oss-120b / cerebras,deepseek/deepseek-v4-flash / deepinfra
RAG-Q-010,퇴직금은 계약직도 무조건 받을 수 있지?,12,919.4166666666666,1316.25,2235.6666666666665,0.0032029893499999997,26383.833333333332,61241,openai/gpt-oss-120b / cerebras,deepseek/deepseek-v4-flash / deepinfra
RAG-Q-011,최저임금보다 낮게 받아도 본인이 동의하면 괜찮아?,12,923.5,913.5,1837.0,0.0021716235166666666,17124.833333333332,35125,openai/gpt-oss-120b / cerebras,deepseek/deepseek-v4-flash / deepinfra
RAG-Q-012,근로기준법 문서에서 노인복지시설 위치도 찾을 수 있어?,12,920.8333333333334,700.1666666666666,1621.0,0.0014888101,13451.916666666666,26356,openai/gpt-oss-120b / cerebras,deepseek/deepseek-v4-flash / deepinfra
RAG-Q-013,강원도 노인복지 정책에는 어떤 내용이 있어?,12,915.75,1559.75,2475.5,0.0037668005166666668,31999.75,101720,openai/gpt-oss-120b / cerebras,deepseek/deepseek-v4-flash / deepinfra
RAG-Q-014,경기도 노인복지 정책을 간단히 요약해줘.,12,918.6666666666666,1131.0833333333333,2049.75,0.0023448337666666665,22586.916666666668,58461,openai/gpt-oss-120b / cerebras,deepseek/deepseek-v4-flash / deepinfra
RAG-Q-015,수원시 노인일자리 사회활동 지원사업 자료에서 뭘 확인할 수 있어?,12,924.6666666666666,6425.25,7349.916666666667,0.0191834796,67095.5,594646,openai/gpt-oss-120b / cerebras,deepseek/deepseek-v4-flash / deepinfra
RAG-Q-016,경남 노인복지정책 자료 기준으로 핵심만 알려줘.,12,920.5833333333334,1343.0833333333333,2263.6666666666665,0.002722881933333333,24534.666666666668,52617,openai/gpt-oss-120b / cerebras,deepseek/deepseek-v4-flash / deepinfra
RAG-Q-017,경북 노인복지정책은 어떤 항목을 봐야 해?,12,919.75,1324.5833333333333,2244.3333333333335,0.0028199375166666663,25331.333333333332,67727,openai/gpt-oss-120b / cerebras,deepseek/deepseek-v4-flash / deepinfra
RAG-Q-018,광주 광산구 노인복지시설 현황에서 시설 정보를 알려줘.,12,923.4166666666666,1557.0833333333333,2480.5,0.00351715635,28674.0,59767,openai/gpt-oss-120b / cerebras,deepseek/deepseek-v4-flash / deepinfra
RAG-Q-019,대구 달서구 노인복지시설 현황을 요약해줘.,12,920.6666666666666,1861.0,2781.6666666666665,0.0051002561,31920.416666666668,117354,openai/gpt-oss-120b / cerebras,deepseek/deepseek-v4-flash / gmicloud
RAG-Q-020,대전 서구 장수축하금은 어떤 자료를 봐야 해?,12,931.0833333333334,1214.4166666666667,2145.5,0.0030026894833333332,24621.166666666668,79128,openai/gpt-oss-120b / cerebras,deepseek/deepseek-v4-flash / deepinfra
RAG-Q-021,대전 중구 경로당 현황에서 확인 가능한 내용을 알려줘.,12,932.0833333333334,845.8333333333334,1777.9166666666667,0.0017500619333333332,15348.5,27036,openai/gpt-oss-120b / cerebras,deepseek/deepseek-v4-flash / deepinfra
RAG-Q-022,부산 해운대구 기초연금 자료 기준으로 뭘 알 수 있어?,12,920.8333333333334,1225.5,2146.3333333333335,0.0024141571,24445.833333333332,55289,openai/gpt-oss-120b / cerebras,deepseek/deepseek-v4-flash / deepinfra
RAG-Q-023,부산 해운대구 노인일자리사업은 어떤 내용이야?,12,919.6666666666666,1295.0833333333333,2214.75,0.002968173016666667,25063.083333333332,49872,openai/gpt-oss-120b / cerebras,deepseek/deepseek-v4-flash / deepinfra
RAG-Q-024,서울 강남구 어르신지원정책에는 어떤 지원이 있어?,12,918.6666666666666,1341.5833333333333,2260.25,0.0033265894333333336,25783.833333333332,76809,openai/gpt-oss-120b / cerebras,deepseek/deepseek-v4-flash / deepinfra
RAG-Q-025,서울시 노인의료복지시설 목록에서 시설 관련 정보를 알려줘.,12,923.25,1388.3333333333333,2311.5833333333335,0.0030187780166666665,26611.166666666668,55075,openai/gpt-oss-120b / cerebras,deepseek/deepseek-v4-flash / deepinfra
RAG-Q-026,세종시 노인복지시설 현황을 요약해줘.,12,918.6666666666666,1609.0,2527.6666666666665,0.0035588046,31467.666666666668,92244,openai/gpt-oss-120b / cerebras,deepseek/deepseek-v4-flash / deepinfra
RAG-Q-027,울산 남구 노인일자리사회활동지원사업 내용을 알려줘.,12,923.3333333333334,1668.9166666666667,2592.25,0.004104887516666667,35264.583333333336,99405,openai/gpt-oss-120b / cerebras,deepseek/deepseek-v4-flash / deepinfra
RAG-Q-028,울산 북구 노인복지시설 현황에서 어떤 시설이 있는지 알려줘.,12,924.5,1289.25,2213.75,0.0027818594333333334,26878.75,55036,openai/gpt-oss-120b / cerebras,deepseek/deepseek-v4-flash / deepinfra
RAG-Q-029,인천 연수구 노인일자리 사회활동 지원사업 자료를 요약해줘.,12,924.5833333333334,1758.0833333333333,2682.6666666666665,0.0039203796,33162.166666666664,69929,openai/gpt-oss-120b / cerebras,deepseek/deepseek-v4-flash / deepinfra
RAG-Q-030,인천 중구 노인복지시설 현황을 알려줘.,12,918.5833333333334,1108.9166666666667,2027.5,0.0026578934333333338,21526.916666666668,43806,openai/gpt-oss-120b / cerebras,deepseek/deepseek-v4-flash / siliconflow
RAG-Q-031,제주도 노인복지정책 자료 기준으로 핵심을 알려줘.,12,921.5833333333334,1430.5833333333333,2352.1666666666665,0.00292817735,25837.75,46832,openai/gpt-oss-120b / cerebras,deepseek/deepseek-v4-flash / deepinfra
RAG-Q-032,충남 노인복지정책에는 어떤 내용이 있어?,12,914.8333333333334,1165.6666666666667,2080.5,0.0024349529333333336,23578.916666666668,46608,openai/gpt-oss-120b / cerebras,deepseek/deepseek-v4-flash / deepinfra
RAG-Q-033,충북 노인복지정책 요약해줘.,12,914.75,1249.5,2164.25,0.0029742404333333336,25901.333333333332,69341,openai/gpt-oss-120b / cerebras,deepseek/deepseek-v4-flash / gmicloud
RAG-Q-034,충청남도 노인인구현황 자료에서 어떤 정보를 확인할 수 있어?,12,920.75,962.0833333333334,1882.8333333333333,0.0020956951,17603.25,34824,openai/gpt-oss-120b / cerebras,deepseek/deepseek-v4-flash / deepinfra
RAG-Q-035,서울시 고령군 노인복지시설 알려줘.,12,917.5,1133.1666666666667,2050.6666666666665,0.00250031635,21673.833333333332,40210,openai/gpt-oss-120b / cerebras,deepseek/deepseek-v4-flash / gmicloud
RAG-Q-036,인천 노인일자리 알려줘. 중구 말고 연수구 자료로.,12,922.5833333333334,1320.6666666666667,2243.25,0.002741337933333333,24548.083333333332,54480,openai/gpt-oss-120b / cerebras,deepseek/deepseek-v4-flash / deepinfra
RAG-Q-037,부산 기초연금이랑 노인일자리 둘 다 한 번에 알려줘.,12,924.5,1639.8333333333333,2564.3333333333335,0.003194769933333333,33808.25,65219,openai/gpt-oss-120b / cerebras,deepseek/deepseek-v4-flash / deepinfra
RAG-Q-038,울산 남구 독거노인 지원이랑 노인일자리 사업 차이가 뭐야?,12,924.5833333333334,1349.8333333333333,2274.4166666666665,0.0030909584333333336,27560.25,50381,openai/gpt-oss-120b / cerebras,deepseek/deepseek-v4-flash / gmicloud
RAG-Q-039,경기도 정책이랑 수원시 사업을 섞어서 경기도 전체 사업이라고 말해도 돼?,12,928.5,748.5,1677.0,0.0017755031,15154.166666666666,31757,openai/gpt-oss-120b / cerebras,deepseek/deepseek-v4-flash / deepinfra
RAG-Q-040,노인일자리 수행기관 목록에서 기관 정보를 어떻게 찾을 수 있어?,12,921.4166666666666,1098.9166666666667,2020.3333333333333,0.0025347046833333335,23958.916666666668,53727,openai/gpt-oss-120b / cerebras,deepseek/deepseek-v4-flash / deepinfra
RAG-Q-041,노인돌봄서비스 기관 현황 자료에서 지역별 기관을 찾을 수 있어?,12,924.5,1127.75,2052.25,0.0025971654333333334,21601.25,53483,openai/gpt-oss-120b / cerebras,deepseek/deepseek-v4-flash / deepinfra
RAG-Q-042,장기요양기관현황 KOSIS 자료에서 뭘 확인할 수 있어?,12,921.75,1744.3333333333333,2666.0833333333335,0.0026310506833333337,20025.0,42969,openai/gpt-oss-120b / cerebras,deepseek/deepseek-v4-flash / deepinfra
RAG-Q-043,노인여가복지시설수 자료에서 시설 수를 확인해줘.,12,920.5833333333334,918.5,1839.0833333333333,0.0021505399333333333,17107.333333333332,33101,openai/gpt-oss-120b / cerebras,deepseek/deepseek-v4-flash / deepinfra
RAG-Q-044,노인복지시설현황 KOSIS 자료 기준으로 시설 현황을 요약해줘.,12,925.5833333333334,1549.5,2475.0833333333335,0.0033793273500000004,30594.083333333332,108838,openai/gpt-oss-120b / cerebras,deepseek/deepseek-v4-flash / deepinfra
RAG-Q-045,노인학대예방교육현황 자료에서 교육 현황을 알려줘.,12,920.6666666666666,1069.9166666666667,1990.5833333333333,0.0026103967666666664,22229.0,53039,openai/gpt-oss-120b / cerebras,deepseek/deepseek-v4-flash / deepinfra
RAG-Q-046,노인복지 생활시설 수와 생활자 현황은 어느 자료에서 봐야 해?,12,936.0833333333334,1069.8333333333333,2005.9166666666667,0.0024674072666666666,20301.583333333332,42510,openai/gpt-oss-120b / cerebras,deepseek/deepseek-v4-flash / deepinfra
RAG-Q-047,노인일자리 및 노후생활 현황 엑셀 자료에서 핵심 항목을 요약해줘.,12,930.4166666666666,1155.6666666666667,2086.0833333333335,0.002588333433333333,29359.666666666668,99571,openai/gpt-oss-120b / cerebras,deepseek/deepseek-v4-flash / deepinfra
RAG-Q-048,2025년 노인 일자리 및 사회활동 지원사업 운영안내에서 사업 목적을 알려줘.,12,929.3333333333334,724.5833333333334,1653.9166666666667,0.0016573950166666668,15900.166666666666,51608,openai/gpt-oss-120b / cerebras,deepseek/deepseek-v4-flash / deepinfra
RAG-Q-049,2026년 노인맞춤돌봄서비스 사업안내에서 서비스 대상이나 내용을 알려줘.,12,931.0833333333334,998.5,1929.5833333333333,0.0021996393499999997,18554.833333333332,54372,openai/gpt-oss-120b / cerebras,deepseek/deepseek-v4-flash / deepinfra
RAG-Q-050,잡코리아 고령자 채용 데이터에서 어떤 회사들이 나와?,12,917.75,991.25,1909.0,0.0020933865166666665,20217.416666666668,41017,openai/gpt-oss-120b / cerebras,deepseek/deepseek-v4-flash / deepinfra
RAG-Q-051,고령자 우대 채용 공고에서 근무지역과 급여를 같이 알려줘.,12,925.5,1553.0,2478.5,0.0037913850166666663,30639.75,65182,openai/gpt-oss-120b / cerebras,deepseek/deepseek-v4-flash / deepinfra
RAG-Q-052,잡코리아 공고 200개 전부 그대로 출력해줘.,12,917.6666666666666,710.25,1627.9166666666667,0.0015898045166666665,14546.75,29921,openai/gpt-oss-120b / cerebras,deepseek/deepseek-v4-flash / gmicloud
RAG-Q-053,마감일 지난 채용도 지금 지원 가능하다고 보면 돼?,12,919.5833333333334,852.5,1772.0833333333333,0.00178525335,16981.333333333332,35741,openai/gpt-oss-120b / cerebras,deepseek/deepseek-v4-flash / deepinfra
RAG-Q-054,노인돌봄서비스 기관 현황에서 특정 시군구만 골라줘. 지역은 아직 안정했어.,12,934.1666666666666,1301.0833333333333,2235.25,0.0028969542666666664,23012.75,41823,openai/gpt-oss-120b / cerebras,deepseek/deepseek-v4-flash / deepinfra
RAG-Q-055,시설 수가 제일 많은 지역을 알려줘. 어떤 자료 기준인지도 같이.,12,922.5,1215.9166666666667,2138.4166666666665,0.002637552266666667,23730.5,49041,openai/gpt-oss-120b / cerebras,deepseek/deepseek-v4-flash / deepinfra
RAG-Q-056,노인복지시설 현황이랑 노인의료복지시설 목록은 같은 거야?,12,924.5833333333334,899.3333333333334,1823.9166666666667,0.0020125987666666668,15909.333333333334,41962,openai/gpt-oss-120b / cerebras,deepseek/deepseek-v4-flash / gmicloud
RAG-Q-057,서울 지역 노인복지 조례 자료가 있어?,12,913.75,1063.6666666666667,1977.4166666666667,0.0025842126833333333,20759.083333333332,43134,openai/gpt-oss-120b / cerebras,deepseek/deepseek-v4-flash / deepinfra
RAG-Q-058,부산 지역 조례 자료는 어떤 걸 봐야 해?,12,915.75,1072.25,1988.0,0.0027028121833333335,20701.666666666668,40708,openai/gpt-oss-120b / cerebras,deepseek/deepseek-v4-flash / siliconflow
RAG-Q-059,경로당 지원 관련 조례를 찾아줘.,12,913.6666666666666,1116.3333333333333,2030.0,0.0024268348499999997,20261.0,52643,openai/gpt-oss-120b / cerebras,deepseek/deepseek-v4-flash / deepinfra
RAG-Q-060,노인일자리 관련 조례에는 어떤 내용이 나올 수 있어?,12,917.75,1058.25,1976.0,0.00229267785,20557.75,39656,openai/gpt-oss-120b / cerebras,deepseek/deepseek-v4-flash / deepinfra
RAG-Q-061,노인돌봄 조례랑 노인맞춤돌봄 조례는 어떻게 달라?,12,926.5,1345.75,2272.25,0.003290747933333333,24981.666666666668,53379,openai/gpt-oss-120b / cerebras,deepseek/deepseek-v4-flash / deepinfra
RAG-Q-062,기초연금 조례 자료에서 지역별 차이를 볼 수 있어?,12,917.75,1058.3333333333333,1976.0833333333333,0.0023542806833333333,23748.0,66957,openai/gpt-oss-120b / cerebras,deepseek/deepseek-v4-flash / deepinfra
RAG-Q-063,고령자 조례 자료에서 고령자 지원 내용을 찾아줘.,12,918.5833333333334,1120.5,2039.0833333333333,0.0022599319333333335,20613.916666666668,41726,openai/gpt-oss-120b / cerebras,deepseek/deepseek-v4-flash / deepinfra
RAG-Q-064,전체 조례 raw 자료에서 노인복지 관련 항목을 찾아볼 수 있어?,12,922.5833333333334,1063.3333333333333,1985.9166666666667,0.0022524171,19170.75,30982,openai/gpt-oss-120b / cerebras,deepseek/deepseek-v4-flash / deepinfra
RAG-Q-065,지역을 말 안 하고 조례 알려달라고 하면 어떻게 답해?,12,919.5,872.5833333333334,1792.0833333333333,0.001985647016666667,18559.583333333332,37681,openai/gpt-oss-120b / cerebras,deepseek/deepseek-v4-flash / deepseek
RAG-Q-066,노인복지법이랑 노인복지 조례는 같은 문서야?,12,918.9166666666666,617.5,1536.4166666666667,0.0014635370999999998,12006.333333333334,28196,openai/gpt-oss-120b / cerebras,deepseek/deepseek-v4-flash / deepinfra
RAG-Q-067,서울 조례 문서가 비어 보이면 서울 노인복지 조례가 없다고 단정해도 돼?,12,928.75,862.1666666666666,1790.9166666666667,0.0017457784333333333,17098.333333333332,51428,openai/gpt-oss-120b / cerebras,deepseek/deepseek-v4-flash / deepinfra
RAG-Q-068,경로당 조례 결과가 너무 많으면 전부 다 보여줘야 해?,12,921.5833333333334,997.75,1919.3333333333333,0.0022261330166666667,21856.333333333332,54084,openai/gpt-oss-120b / cerebras,deepseek/deepseek-v4-flash / deepinfra
RAG-Q-069,기초연금 알려줘.,12,909.6666666666666,1068.25,1977.9166666666667,0.002563421183333333,23141.166666666668,48569,openai/gpt-oss-120b / cerebras,deepseek/deepseek-v4-flash / deepinfra
RAG-Q-070,노인 시설 찾아줘.,12,909.5833333333334,1030.75,1940.3333333333333,0.002363729483333333,18923.083333333332,34169,openai/gpt-oss-120b / cerebras,deepseek/deepseek-v4-flash / deepinfra
RAG-Q-071,내가 받을 수 있는 복지 혜택 다 알려줘.,12,917.5833333333334,1160.0,2077.5833333333335,0.0025632316833333335,21527.75,57477,openai/gpt-oss-120b / cerebras,deepseek/deepseek-v4-flash / gmicloud
RAG-Q-072,어르신 일자리 서울 거랑 부산 거 비교해줘.,12,917.5833333333334,1492.5833333333333,2410.1666666666665,0.0034156381833333332,29022.25,49157,openai/gpt-oss-120b / cerebras,deepseek/deepseek-v4-flash / deepseek
RAG-Q-073,최신 2027년 노인복지정책 알려줘.,12,917.6666666666666,1214.5,2132.1666666666665,0.002494381516666667,22058.75,36255,openai/gpt-oss-120b / cerebras,deepseek/deepseek-v4-flash / deepinfra
RAG-Q-074,잡코리아 링크 들어가서 최신 공고인지 확인해줘.,12,931.8333333333334,617.9166666666666,1549.75,0.0016841769333333333,11000.666666666666,17670,openai/gpt-oss-120b / cerebras,deepseek/deepseek-v4-flash / deepinfra
RAG-Q-075,법령 기준으로만 답해줘. 조례는 빼고.,12,918.6666666666666,477.1666666666667,1395.8333333333333,0.0011003114333333333,7817.916666666667,21728,openai/gpt-oss-120b / cerebras,deepseek/deepseek-v4-flash / deepseek
RAG-Q-076,노인복지랑 고령자고용을 한 번에 설명해줘.,12,919.75,1533.25,2453.0,0.00315529585,30720.833333333332,56218,openai/gpt-oss-120b / cerebras,deepseek/deepseek-v4-flash / deepinfra
RAG-Q-077,기초연금 조례랑 기초연금법 중 뭐가 더 우선이야?,12,922.75,865.5833333333334,1788.3333333333333,0.0020282381,17593.666666666668,46346,openai/gpt-oss-120b / cerebras,deepseek/deepseek-v4-flash / deepinfra
RAG-Q-078,노인맞춤돌봄서비스는 노인돌봄서비스 기관 현황이랑 같은 자료야?,12,931.25,933.25,1864.5,0.0020862511833333332,17440.666666666668,33146,openai/gpt-oss-120b / cerebras,deepseek/deepseek-v4-flash / deepinfra
RAG-Q-079,경로당 지원 조례를 서울 기준으로 찾아줘.,12,915.6666666666666,1118.0,2033.6666666666667,0.0025097861833333333,20673.583333333332,43111,openai/gpt-oss-120b / cerebras,deepseek/deepseek-v4-flash / deepinfra
RAG-Q-080,대전 서구 노인복지업무랑 장수축하금이 같은 업무야?,12,922.75,954.0833333333334,1876.8333333333333,0.0020776714333333333,17230.5,33711,openai/gpt-oss-120b / cerebras,deepseek/deepseek-v4-flash / deepinfra
RAG-Q-081,서울 노인의료복지시설 중 주소 정보도 있어?,12,916.5833333333334,1216.6666666666667,2133.25,0.0024303962666666666,20966.416666666668,51443,openai/gpt-oss-120b / cerebras,deepseek/deepseek-v4-flash / deepinfra
RAG-Q-082,고령자 채용 중 경북 고령군 공고만 보고 싶어.,12,918.8333333333334,1475.9166666666667,2394.75,0.0034098279333333336,27651.083333333332,71773,openai/gpt-oss-120b / cerebras,deepseek/deepseek-v4-flash / deepinfra
RAG-Q-083,쿠팡 CLS 채용 공고의 급여랑 근무지역을 알려줘.,12,925.3333333333334,845.9166666666666,1771.25,0.0018738441833333333,16595.333333333332,37124,openai/gpt-oss-120b / cerebras,deepseek/deepseek-v4-flash / deepinfra
RAG-Q-084,노인여가복지시설과 노인복지시설은 같은 지표야?,12,921.6666666666666,965.1666666666666,1886.8333333333333,0.0021280440166666667,17056.916666666668,34080,openai/gpt-oss-120b / cerebras,deepseek/deepseek-v4-flash / deepinfra
RAG-Q-085,장기요양기관 자료랑 노인복지시설 자료 중 요양기관 질문에는 뭘 써야 해?,12,931.5,1137.3333333333333,2068.8333333333335,0.002624242016666667,20462.0,40360,openai/gpt-oss-120b / cerebras,deepseek/deepseek-v4-flash / deepinfra
RAG-Q-086,노인학대예방교육 현황은 복지시설 현황이랑 관련 있어?,12,921.75,1263.0,2184.75,0.0027970193500000003,24152.5,48839,openai/gpt-oss-120b / cerebras,deepseek/deepseek-v4-flash / deepinfra
RAG-Q-087,2025년 노인 일자리 및 사회활동 지원사업 운영안내에서 '공익활동형' 사업의 참여 대상과 활동 성격을 찾아서 요약해줘.,12,946.3333333333334,880.0833333333334,1826.4166666666667,0.0021862306,15692.75,56888,openai/gpt-oss-120b / cerebras,deepseek/deepseek-v4-flash / deepinfra
RAG-Q-088,2025년 노인 일자리 운영안내에서 수행기관이 담당하는 역할을 찾아줘.,12,926.4166666666666,1083.6666666666667,2010.0833333333333,0.0023686821,19973.416666666668,42804,openai/gpt-oss-120b / cerebras,deepseek/deepseek-v4-flash / deepinfra
RAG-Q-089,2026년 노인맞춤돌봄서비스 사업안내에서 서비스 제공 대상은 어떤 기준으로 정리돼 있어?,12,934.25,1176.75,2111.0,0.0025504782666666667,22733.666666666668,49299,openai/gpt-oss-120b / cerebras,deepseek/deepseek-v4-flash / deepinfra
RAG-Q-090,2026년 노인맞춤돌봄서비스 사업안내에서 제공 서비스 유형을 찾아줘.,12,931.0833333333334,1332.75,2263.8333333333335,0.00340127235,22217.25,54279,openai/gpt-oss-120b / cerebras,deepseek/deepseek-v4-flash / deepinfra
RAG-Q-091,부산 해운대구 기초연금 자료에서 담당 부서나 문의처가 있으면 알려줘.,12,928.5,1095.5,2024.0,0.002454655766666667,19897.916666666668,55214,openai/gpt-oss-120b / cerebras,deepseek/deepseek-v4-flash / deepinfra
RAG-Q-092,대전 서구 장수축하금 자료에서 지원 대상과 지급 내용을 구분해서 알려줘.,12,938.3333333333334,1059.6666666666667,1998.0,0.0025665946,18126.916666666668,55402,openai/gpt-oss-120b / cerebras,deepseek/deepseek-v4-flash / deepinfra
RAG-Q-093,울산 남구 OK생활민원기동대 독거노인지원 자료에서 지원 대상과 지원 내용을 알려줘.,12,931.4166666666666,917.75,1849.1666666666667,0.0020066270166666667,18364.0,39841,openai/gpt-oss-120b / cerebras,deepseek/deepseek-v4-flash / deepinfra
RAG-Q-094,인천 연수구 노인일자리사회활동지원사업 자료에서 사업명과 담당 기관 정보를 찾아줘.,12,934.0833333333334,1426.3333333333333,2360.4166666666665,0.0033866797666666664,27195.666666666668,77737,openai/gpt-oss-120b / cerebras,deepseek/deepseek-v4-flash / deepinfra
RAG-Q-095,광주 광산구 노인복지시설 현황에서 시설명과 주소를 함께 알려줘.,12,927.4166666666666,1951.1666666666667,2878.5833333333335,0.005139500516666667,37290.583333333336,191606,openai/gpt-oss-120b / cerebras,deepseek/deepseek-v4-flash / gmicloud
RAG-Q-096,대구 달서구 노인복지시설 현황에서 시설 종류별로 정리할 수 있어?,11,926.2727272727273,1227.6363636363637,2153.909090909091,0.003004740472727273,22183.81818181818,46077,openai/gpt-oss-120b / cerebras,deepseek/deepseek-v4-flash / siliconflow
RAG-Q-097,"서울시 노인의료복지시설 목록에서 시설명, 자치구, 주소 기준으로 예시 5개만 알려줘.",12,936.25,1004.5833333333334,1940.8333333333333,0.0024519209333333336,17552.333333333332,43652,openai/gpt-oss-120b / cerebras,deepseek/deepseek-v4-flash / deepinfra
RAG-Q-098,서울시 노인의료복지시설 목록에서 강남구 시설만 찾으려면 어떤 조건으로 필터링해야 해?,12,932.5,919.75,1852.25,0.0020018165999999998,15855.916666666666,33431,openai/gpt-oss-120b / cerebras,deepseek/deepseek-v4-flash / deepinfra
RAG-Q-099,세종특별자치시 노인복지시설 현황에서 시설 유형과 시설명을 구분해서 알려줘.,12,944.6666666666666,1190.5833333333333,2135.25,0.002702230683333334,21980.416666666668,67257,openai/gpt-oss-120b / cerebras,deepseek/deepseek-v4-flash / deepinfra
RAG-Q-100,울산 북구 노인복지시설 현황에서 운영 주체나 주소 정보가 있으면 같이 알려줘.,12,929.5,1308.8333333333333,2238.3333333333335,0.003233289183333333,20802.083333333332,47426,openai/gpt-oss-120b / cerebras,deepseek/deepseek-v4-flash / deepinfra
RAG-Q-101,충청남도 노인인구현황 자료에서 시군별 노인 인구 정보를 볼 수 있어?,12,925.75,1006.8333333333334,1932.5833333333333,0.0021293331833333335,17884.833333333332,32614,openai/gpt-oss-120b / cerebras,deepseek/deepseek-v4-flash / deepinfra
RAG-Q-102,제주특별자치도 읍면동별 노인인구현황에서 읍면동 단위로 볼 수 있는지 알려줘.,12,935.6666666666666,928.3333333333334,1864.0,0.00207798985,16696.5,48450,openai/gpt-oss-120b / cerebras,deepseek/deepseek-v4-flash / deepinfra
RAG-Q-103,노인일자리 및 사회활동 지원사업 수행기관 자료에서 서울 지역 수행기관만 뽑으려면 어떤 컬럼을 봐야 해?,12,940.3333333333334,855.0,1795.3333333333333,0.0019827377666666664,15158.166666666666,25660,openai/gpt-oss-120b / cerebras,deepseek/deepseek-v4-flash / deepinfra
RAG-Q-104,"노인돌봄서비스 기관 현황에서 기관명, 주소, 전화번호가 있는지 확인해줘.",12,931.25,1158.0,2089.25,0.002828743683333333,19364.75,43753,openai/gpt-oss-120b / cerebras,deepseek/deepseek-v4-flash / deepinfra
RAG-Q-105,노인복지 생활시설 수 및 생활자 현황에서 시도별 생활자 수를 비교할 수 있어?,12,926.75,1105.25,2032.0,0.0025936211,20113.75,45679,openai/gpt-oss-120b / cerebras,deepseek/deepseek-v4-flash / deepinfra
RAG-Q-106,KOSIS 장기요양기관현황에서 연도별 변화 추이를 볼 수 있는 자료야?,12,925.6666666666666,1009.8333333333334,1935.5,0.0021737436833333336,17963.666666666668,39413,openai/gpt-oss-120b / cerebras,deepseek/deepseek-v4-flash / deepinfra
RAG-Q-107,KOSIS 노인여가복지시설수에서 지역별 시설 수 순위를 만들 수 있어?,12,925.5833333333334,1315.25,2240.8333333333335,0.003064603516666667,25948.583333333332,71169,openai/gpt-oss-120b / cerebras,deepseek/deepseek-v4-flash / deepinfra
RAG-Q-108,KOSIS 노인학대예방교육현황에서 교육 횟수와 대상자 수를 구분할 수 있어?,12,940.4166666666666,830.6666666666666,1771.0833333333333,0.0019395279333333333,14547.666666666666,32280,openai/gpt-oss-120b / cerebras,deepseek/deepseek-v4-flash / deepinfra
RAG-Q-109,잡코리아 고령자 채용 데이터에서 쿠팡로지스틱스서비스 공고의 고용형태와 급여를 알려줘.,12,940.25,1102.5,2042.75,0.002764037433333333,19849.083333333332,46419,openai/gpt-oss-120b / cerebras,deepseek/deepseek-v4-flash / deepinfra
RAG-Q-110,잡코리아 고령자 채용 데이터에서 경북 고령군 근무 공고만 요약해줘.,12,926.75,1117.8333333333333,2044.5833333333333,0.0027015266,21347.833333333332,52131,openai/gpt-oss-120b / cerebras,deepseek/deepseek-v4-flash / deepinfra
RAG-Q-111,"잡코리아 고령자 채용 데이터에서 시급 10,320원으로 표시된 공고가 있으면 제목과 회사명을 알려줘.",12,938.3333333333334,1402.3333333333333,2340.6666666666665,0.0034954682666666673,25903.666666666668,129695,openai/gpt-oss-120b / cerebras,deepseek/deepseek-v4-flash / deepinfra
RAG-Q-112,잡코리아 고령자 채용 데이터에서 마감일이 상시채용인 공고만 찾아줘.,12,928.5833333333334,927.4166666666666,1856.0,0.0023649067666666667,16601.0,29877,openai/gpt-oss-120b / cerebras,deepseek/deepseek-v4-flash / gmicloud
RAG-Q-113,기초연금법에서 수급권자와 수급자의 차이를 문서 기준으로 설명해줘.,12,925.75,904.0,1829.75,0.0021849730166666665,15906.166666666666,37977,openai/gpt-oss-120b / cerebras,deepseek/deepseek-v4-flash / deepinfra
RAG-Q-114,노인복지법에서 노인복지시설 종류를 찾을 수 있으면 종류별로 정리해줘.,12,930.5,1118.75,2049.25,0.0024698464333333336,20969.25,34676,openai/gpt-oss-120b / cerebras,deepseek/deepseek-v4-flash / gmicloud
RAG-Q-115,고령자고용촉진법에서 사업주의 책무나 노력 의무에 해당하는 내용을 찾아줘.,12,930.3333333333334,1395.25,2325.5833333333335,0.0033208410999999998,27203.333333333332,65762,openai/gpt-oss-120b / cerebras,deepseek/deepseek-v4-flash / deepinfra
RAG-Q-116,근로기준법에서 임금 관련 정의를 찾아서 최저임금법 답변과 섞지 말고 설명해줘.,12,933.5833333333334,1191.4166666666667,2125.0,0.002855671016666667,21677.083333333332,41808,openai/gpt-oss-120b / cerebras,deepseek/deepseek-v4-flash / deepseek
RAG-Q-117,고용보험법에서 실업급여만 묻는 질문이면 고용안정사업 내용까지 길게 답해야 해?,12,933.4166666666666,728.9166666666666,1662.3333333333333,0.00153834435,13617.083333333334,23642,openai/gpt-oss-120b / cerebras,deepseek/deepseek-v4-flash / deepinfra
RAG-Q-118,근로자퇴직급여 보장법에서 퇴직연금과 퇴직금이 둘 다 나오면 차이를 어떻게 설명해야 해?,12,940.25,1369.3333333333333,2309.5833333333335,0.0029863404333333333,25792.333333333332,49398,openai/gpt-oss-120b / cerebras,deepseek/deepseek-v4-flash / deepinfra
RAG-Q-119,경로당 조례에서 특정 지역을 지정하지 않으면 전국 공통 답변처럼 말해도 돼?,12,928.5833333333334,919.0,1847.5833333333333,0.002167672433333333,15826.166666666666,40038,openai/gpt-oss-120b / cerebras,deepseek/deepseek-v4-flash / deepinfra
RAG-Q-120,노인일자리 조례에서 지원 대상과 지원 사업을 분리해서 답해줘.,12,924.5,1431.75,2356.25,0.0030256539333333335,26967.25,50563,openai/gpt-oss-120b / cerebras,deepseek/deepseek-v4-flash / deepinfra
RAG-Q-121,기초연금 조례를 기초연금법보다 우선 적용한다고 말해도 돼?,12,924.75,794.4166666666666,1719.1666666666667,0.0017518072666666666,14697.25,26001,openai/gpt-oss-120b / cerebras,deepseek/deepseek-v4-flash / deepinfra
RAG-Q-122,서울 조례 파일이 짧게 정리돼 있으면 서울 관련 조례가 아예 없다고 답해도 돼?,12,931.5833333333334,845.0833333333334,1776.6666666666667,0.0018815863499999999,14943.416666666666,28529,openai/gpt-oss-120b / cerebras,deepseek/deepseek-v4-flash / deepinfra
RAG-Q-123,전체 조례 raw에서 '노인복지' 키워드가 들어간 조례만 찾는 질문이면 어떻게 검색해야 해?,12,933.5,1249.5833333333333,2183.0833333333335,0.0025798435166666665,20258.083333333332,32085,openai/gpt-oss-120b / cerebras,deepseek/deepseek-v4-flash / deepinfra
RAG-Q-124,"사용자가 '노인복지시설'이라고만 검색하면 법령, 시설현황, 지역 CSV 중 뭘 먼저 봐야 해?",12,939.25,1215.8333333333333,2155.0833333333335,0.0028975696833333335,22536.416666666668,43381,openai/gpt-oss-120b / cerebras,deepseek/deepseek-v4-flash / deepinfra
RAG-Q-125,사용자가 '서울 시설'이라고만 물으면 노인의료복지시설인지 전체 사회복지시설인지 어떻게 확인해?,12,934.25,988.4166666666666,1922.6666666666667,0.0021134556,16642.583333333332,25997,openai/gpt-oss-120b / cerebras,deepseek/deepseek-v4-flash / deepinfra
RAG-Q-126,사용자가 '취업'이라고만 물으면 고령자 채용 데이터와 고령자고용촉진법 중 어떤 걸 써야 해?,12,935.6666666666666,1110.8333333333333,2046.5,0.00242824185,19854.416666666668,36581,openai/gpt-oss-120b / cerebras,deepseek/deepseek-v4-flash / deepinfra
RAG-Q-127,사용자가 '돌봄'이라고만 물으면 노인맞춤돌봄 사업안내와 돌봄기관 현황 중 어떤 차이가 있어?,12,941.25,1006.3333333333334,1947.5833333333333,0.00216115635,21136.25,41304,openai/gpt-oss-120b / cerebras,deepseek/deepseek-v4-flash / deepinfra
RAG-Q-128,"사용자가 '대전 노인 복지'라고만 물으면 대전시 정책, 서구 업무목록, 서구 장수축하금, 중구 경로당 중 어떻게 좁혀야 해?",12,962.0,1213.75,2175.75,0.0029638692666666667,22697.5,76205,openai/gpt-oss-120b / cerebras,deepseek/deepseek-v4-flash / deepinfra
RAG-Q-129,아버지가 만 70세인데 기초연금이라는 걸 들었어요. 그냥 나이만 되면 신청 가능한 건가요?,12,937.25,1214.8333333333333,2152.0833333333335,0.00300355385,24654.666666666668,61754,openai/gpt-oss-120b / cerebras,deepseek/deepseek-v4-flash / deepinfra
RAG-Q-130,부산 해운대구에 사는 부모님 기초연금 문의는 어디 자료를 보면 될까요?,12,929.4166666666666,1290.9166666666667,2220.3333333333335,0.003030056183333333,24010.916666666668,53305,openai/gpt-oss-120b / cerebras,deepseek/deepseek-v4-flash / deepinfra
RAG-Q-131,기초연금이랑 국민연금이 같은 건가요? 저는 뭘 확인해야 할지 모르겠어요.,12,931.5,1144.6666666666667,2076.1666666666665,0.0027015706833333334,23830.5,50285,openai/gpt-oss-120b / cerebras,deepseek/deepseek-v4-flash / deepinfra
RAG-Q-132,어머니가 기초연금 신청했다가 안 될 수도 있나요? 어떤 경우를 봐야 하나요?,12,929.5,1641.6666666666667,2571.1666666666665,0.004050925183333333,32933.833333333336,83609,openai/gpt-oss-120b / cerebras,deepseek/deepseek-v4-flash / deepinfra
RAG-Q-133,우리 동네에서 기초연금 말고 지자체에서 주는 어르신 지원도 찾고 싶어요.,12,928.6666666666666,1040.5,1969.1666666666667,0.002312948433333333,20517.5,53259,openai/gpt-oss-120b / cerebras,deepseek/deepseek-v4-flash / deepinfra
RAG-Q-134,대전 서구에 사는 어르신이 생일이나 장수 관련 지원금을 받을 수 있는지 궁금해요.,12,943.25,1116.5833333333333,2059.8333333333335,0.0023206510166666667,19244.083333333332,32891,openai/gpt-oss-120b / cerebras,deepseek/deepseek-v4-flash / deepinfra
RAG-Q-135,60대 후반인데 다시 일하고 싶어요. 노인 일자리 같은 걸 어디서 찾아봐야 하나요?,12,932.25,1417.25,2349.5,0.0032742262666666665,27527.333333333332,54419,openai/gpt-oss-120b / cerebras,deepseek/deepseek-v4-flash / deepinfra
RAG-Q-136,경기도 수원에 사는 어르신인데 일자리 지원 사업이 있는지 알고 싶어요.,12,926.5,1368.0,2294.5,0.0030147159333333336,23480.75,71180,openai/gpt-oss-120b / cerebras,deepseek/deepseek-v4-flash / deepseek
RAG-Q-137,부산 해운대구에 사는데 어르신 일자리 관련해서 어떤 사업이 있는지 궁금해요.,12,929.5833333333334,1564.0,2493.5833333333335,0.0036339070166666668,32582.0,55672,openai/gpt-oss-120b / cerebras,deepseek/deepseek-v4-flash / deepinfra
RAG-Q-138,울산 남구에서 노인 일자리나 사회활동 지원을 받을 수 있는지 알고 싶어요.,12,938.4166666666666,1243.5,2181.9166666666665,0.0030727225999999997,22595.416666666668,45452,openai/gpt-oss-120b / cerebras,deepseek/deepseek-v4-flash / deepinfra
RAG-Q-139,인천 연수구 어르신 일자리 사업은 어디에 문의해야 하는지 자료가 있나요?,12,928.4166666666666,1152.75,2081.1666666666665,0.0030088224333333336,23496.166666666668,65418,openai/gpt-oss-120b / cerebras,deepseek/deepseek-v4-flash / deepinfra
RAG-Q-140,고령자도 지원 가능한 채용공고를 찾아보고 싶은데 어떤 데이터가 있나요?,12,926.4166666666666,1953.5833333333333,2880.0,0.004983854433333333,31909.583333333332,79841,openai/gpt-oss-120b / cerebras,deepseek/deepseek-v4-flash / deepinfra
RAG-Q-141,경북 고령군에서 일할 수 있는 고령자 채용 공고가 있는지 찾아줘.,12,925.6666666666666,1326.4166666666667,2252.0833333333335,0.00260500185,24815.666666666668,62820,openai/gpt-oss-120b / cerebras,deepseek/deepseek-v4-flash / deepinfra
RAG-Q-142,나이가 많다는 이유로 채용에서 불이익을 받은 것 같아요. 어떤 법을 봐야 하나요?,12,930.5833333333334,1064.8333333333333,1995.4166666666667,0.002459384266666667,18739.333333333332,37140,openai/gpt-oss-120b / cerebras,deepseek/deepseek-v4-flash / deepinfra
RAG-Q-143,시급이 낮은 공고를 봤는데 최저임금보다 낮아도 괜찮은 건가요?,12,932.4166666666666,1458.8333333333333,2391.25,0.0032138617666666665,28322.583333333332,67621,openai/gpt-oss-120b / cerebras,deepseek/deepseek-v4-flash / deepinfra
RAG-Q-144,계약직으로 일하면 퇴직금은 아예 못 받는 건가요?,12,921.75,1360.0,2281.75,0.0031557966833333333,24974.25,55375,openai/gpt-oss-120b / cerebras,deepseek/deepseek-v4-flash / deepinfra
RAG-Q-145,혼자 사시는 아버지가 거동이 불편해졌는데 돌봄 서비스를 받을 수 있는지 어디를 봐야 하나요?,12,939.1666666666666,1313.8333333333333,2253.0,0.0032193356833333333,25840.583333333332,58347,openai/gpt-oss-120b / cerebras,deepseek/deepseek-v4-flash / deepinfra
RAG-Q-146,부모님 돌봄 기관을 지역별로 찾고 싶은데 어떤 자료를 봐야 해요?,12,927.5833333333334,1523.6666666666667,2451.25,0.0035485558499999998,29842.416666666668,64385,openai/gpt-oss-120b / cerebras,deepseek/deepseek-v4-flash / deepinfra
RAG-Q-147,요양시설이랑 노인복지시설이 같은 건지 잘 모르겠어요. 어떻게 구분하면 돼요?,12,931.5,1197.4166666666667,2128.9166666666665,0.0030498861833333332,21313.666666666668,51795,openai/gpt-oss-120b / cerebras,deepseek/deepseek-v4-flash / deepinfra
RAG-Q-148,서울에 부모님 모실 노인의료복지시설을 찾아보고 싶은데 어떤 자료가 있나요?,12,930.25,1523.0,2453.25,0.0034385981,28593.083333333332,57854,openai/gpt-oss-120b / cerebras,deepseek/deepseek-v4-flash / deepinfra
RAG-Q-149,광주 광산구에 노인복지시설이 있는지 시설명과 주소를 보고 싶어요.,12,927.5,788.0,1715.5,0.0018759320166666666,20724.916666666668,81152,openai/gpt-oss-120b / cerebras,deepseek/deepseek-v4-flash / deepseek
RAG-Q-150,대구 달서구 근처 노인복지시설은 어떤 종류가 있는지 궁금해요.,12,926.5833333333334,1135.25,2061.8333333333335,0.0025512039333333335,24376.75,52930,openai/gpt-oss-120b / cerebras,deepseek/deepseek-v4-flash / deepinfra
RAG-Q-151,세종시에 있는 노인복지시설 현황을 부모님 때문에 알아보고 싶어요.,12,925.4166666666666,1452.25,2377.6666666666665,0.0030488291833333336,27426.833333333332,69057,openai/gpt-oss-120b / cerebras,deepseek/deepseek-v4-flash / deepinfra
RAG-Q-152,울산 북구에 있는 노인복지시설 정보를 볼 수 있나요?,12,920.5833333333334,1141.0833333333333,2061.6666666666665,0.0024072296,19799.25,50563,openai/gpt-oss-120b / cerebras,deepseek/deepseek-v4-flash / deepinfra
RAG-Q-153,노인학대 예방교육 같은 자료도 있나요? 어디서 봐야 하나요?,12,924.5,1135.0,2059.5,0.0025959476,21645.0,54337,openai/gpt-oss-120b / cerebras,deepseek/deepseek-v4-flash / deepinfra
RAG-Q-154,경로당 지원 같은 건 법이 아니라 지역 조례를 봐야 하나요?,12,920.75,859.0,1779.75,0.0018882544333333332,14555.25,36030,openai/gpt-oss-120b / cerebras,deepseek/deepseek-v4-flash / deepinfra
RAG-Q-155,서울 강남구에 사시는 어르신이 받을 수 있는 지원정책이 궁금해요.,12,927.5,1523.3333333333333,2450.8333333333335,0.0034408878499999998,31424.333333333332,69312,openai/gpt-oss-120b / cerebras,deepseek/deepseek-v4-flash / deepinfra
RAG-Q-156,강원도에 계신 부모님 노인복지 정책은 어디서 확인할 수 있나요?,12,926.5,1331.25,2257.75,0.003388105266666667,24650.666666666668,51632,openai/gpt-oss-120b / cerebras,deepseek/deepseek-v4-flash / deepinfra
RAG-Q-157,경기도에 사는 어르신 복지정책을 전체적으로 알고 싶어요.,12,920.75,1658.75,2579.5,0.003995019766666667,31739.0,61271,openai/gpt-oss-120b / cerebras,deepseek/deepseek-v4-flash / deepinfra
RAG-Q-158,경남에 계신 부모님이 받을 수 있는 노인복지 정책을 찾아줘.,12,925.4166666666666,1592.0833333333333,2517.5,0.0036910235166666672,30493.75,68282,openai/gpt-oss-120b / cerebras,deepseek/deepseek-v4-flash / deepinfra
RAG-Q-159,경북 어르신 복지정책을 알려줘. 시설 말고 정책 위주로.,12,936.6666666666666,1665.8333333333333,2602.5,0.0040054436833333335,37246.333333333336,89884,openai/gpt-oss-120b / cerebras,deepseek/deepseek-v4-flash / deepinfra
RAG-Q-160,"대전 노인복지라고만 검색하면 너무 많이 나오는데, 우리 부모님이 서구에 살면 뭘 봐야 해?",12,937.4166666666666,1490.9166666666667,2428.3333333333335,0.0034657986833333335,29098.75,56490,openai/gpt-oss-120b / cerebras,deepseek/deepseek-v4-flash / gmicloud
RAG-Q-161,부산에 사는데 기초연금이랑 노인일자리 중 어떤 걸 먼저 알아봐야 할지 모르겠어요.,12,935.25,1504.5,2439.75,0.003136702183333333,28653.333333333332,55693,openai/gpt-oss-120b / cerebras,deepseek/deepseek-v4-flash / deepinfra
RAG-Q-162,울산 남구에 사는 독거노인에게 생활 불편 지원 같은 게 있나요?,12,922.75,1619.1666666666667,2541.9166666666665,0.004006388766666666,31236.75,84768,openai/gpt-oss-120b / cerebras,deepseek/deepseek-v4-flash / deepinfra
RAG-Q-163,인천 중구에 있는 어르신 시설 정보를 찾고 싶어요.,12,919.5833333333334,1086.3333333333333,2005.9166666666667,0.00233303235,19692.333333333332,45510,openai/gpt-oss-120b / cerebras,deepseek/deepseek-v4-flash / deepinfra
RAG-Q-164,제주도에 계신 부모님 복지정책이 궁금해요.,12,920.6666666666666,1561.1666666666667,2481.8333333333335,0.0034258827666666662,30758.25,58599,openai/gpt-oss-120b / cerebras,deepseek/deepseek-v4-flash / deepseek
RAG-Q-165,충남에 계신 어르신 지원 정책을 찾아줘.,12,917.5833333333334,1368.75,2286.3333333333335,0.0031353091833333335,25102.25,53199,openai/gpt-oss-120b / cerebras,deepseek/deepseek-v4-flash / deepinfra
RAG-Q-166,충북 어르신 복지 정책을 간단히 알려줘.,12,918.5833333333334,1062.0,1980.5833333333333,0.0019684174333333333,18366.666666666668,27211,openai/gpt-oss-120b / cerebras,deepseek/deepseek-v4-flash / deepinfra
RAG-Q-167,"어르신 시설을 찾는 건데 복지시설, 요양기관, 의료복지시설이 다 보여서 뭐가 맞는지 모르겠어요.",12,943.0833333333334,1390.0833333333333,2333.1666666666665,0.00318124635,25768.833333333332,51047,openai/gpt-oss-120b / cerebras,deepseek/deepseek-v4-flash / deepinfra
RAG-Q-168,그냥 '돌봄'이라고 하면 방문 돌봄인지 기관 찾기인지 어떻게 알아요?,12,929.25,1029.3333333333333,1958.5833333333333,0.0024218881833333334,18976.333333333332,45075,openai/gpt-oss-120b / cerebras,deepseek/deepseek-v4-flash / deepinfra
RAG-Q-169,지원금을 받을 수 있는지 물어봤는데 지역을 꼭 말해야 하나요?,12,925.25,1069.0,1994.25,0.002314038683333333,19283.25,41327,openai/gpt-oss-120b / cerebras,deepseek/deepseek-v4-flash / deepinfra
RAG-Q-170,부모님 상황을 말하면 받을 수 있는 복지를 다 찾아줄 수 있나요?,12,923.5,813.9166666666666,1737.4166666666667,0.0018582841833333335,16073.75,30611,openai/gpt-oss-120b / cerebras,deepseek/deepseek-v4-flash / deepinfra
RAG-Q-171,오래된 채용 공고도 지금 지원 가능한 것처럼 봐도 되나요?,12,923.5,795.3333333333334,1718.8333333333333,0.0020039240166666666,18098.5,37970,openai/gpt-oss-120b / cerebras,deepseek/deepseek-v4-flash / deepinfra
RAG-Q-172,복지 정책을 물어봤는데 법 조항만 길게 답하면 도움이 안 될 것 같아요. 제 상황에 맞게 답할 수 있나요?,12,943.0833333333334,736.25,1679.3333333333333,0.0015832248500000001,13153.083333333334,23712,openai/gpt-oss-120b / cerebras,deepseek/deepseek-v4-flash / deepinfra
RAG-Q-173,어머니가 66세인데 서울 강남구에 살고 혼자 지내세요. 기초연금이랑 강남구 어르신 지원 중 뭘 먼저 확인해야 해요?,12,959.8333333333334,1247.1666666666667,2207.0,0.0028025766,76882.58333333333,649040,openai/gpt-oss-120b / cerebras,deepseek/deepseek-v4-flash / deepinfra
RAG-Q-174,아버지가 70세이고 부산 해운대구에 사세요. 일을 조금 하고 싶은데 기초연금이 줄어드는지도 같이 궁금해요.,12,943.25,1851.0833333333333,2794.3333333333335,0.004487286516666667,38821.833333333336,92940,openai/gpt-oss-120b / cerebras,deepseek/deepseek-v4-flash / gmicloud
RAG-Q-175,"대전 서구에 계신 할머니가 90세인데 장수축하금 같은 게 있는지, 신청하려면 뭘 확인해야 하는지 알려줘.",12,942.4166666666666,1826.0833333333333,2768.5,0.0041781214333333335,33323.833333333336,73940,openai/gpt-oss-120b / cerebras,deepseek/deepseek-v4-flash / deepinfra
RAG-Q-176,울산 남구에 혼자 사는 어르신이 전등 교체나 간단한 생활 불편을 도움받을 수 있는 제도가 있나요?,12,939.5,1622.3333333333333,2561.8333333333335,0.003741250516666667,28425.833333333332,61898,openai/gpt-oss-120b / cerebras,deepseek/deepseek-v4-flash / deepinfra
RAG-Q-177,인천 연수구에 사는 68세 부모님이 일자리 활동을 찾고 있는데 어디 기관에 물어봐야 하나요?,12,938.25,1321.8333333333333,2260.0833333333335,0.0030735527666666666,25247.166666666668,73824,openai/gpt-oss-120b / cerebras,deepseek/deepseek-v4-flash / deepinfra
RAG-Q-178,서울에 요양시설을 알아보는데 노인의료복지시설이라고 되어 있으면 요양원이랑 같은 건가요?,12,932.5,1184.5833333333333,2117.0833333333335,0.0029321694333333333,25853.833333333332,66608,openai/gpt-oss-120b / cerebras,deepseek/deepseek-v4-flash / deepinfra
RAG-Q-179,광주 광산구에 계신 부모님 근처 시설을 찾고 싶은데 주소까지 볼 수 있나요?,12,930.4166666666666,1115.5,2045.9166666666667,0.0028123796,20805.083333333332,60377,openai/gpt-oss-120b / cerebras,deepseek/deepseek-v4-flash / deepinfra
RAG-Q-180,대구 달서구 어르신 시설 중에 어떤 종류가 있는지 몰라요. 종류별로 설명해줄 수 있나요?,12,947.8333333333334,1401.25,2349.0833333333335,0.003059976933333333,26646.833333333332,56040,openai/gpt-oss-120b / cerebras,deepseek/deepseek-v4-flash / gmicloud
RAG-Q-181,세종시에 부모님이 이사 가는데 노인복지시설이 어느 정도 있는지 전체 분위기만 알려줘.,12,934.25,1350.4166666666667,2284.6666666666665,0.0031585149333333336,26402.166666666668,56991,openai/gpt-oss-120b / cerebras,deepseek/deepseek-v4-flash / deepinfra
RAG-Q-182,울산 북구 시설 정보가 필요한데 시설명만 말고 위치나 운영 정보도 있으면 같이 알려줘.,12,929.5,2536.6666666666665,3466.1666666666665,0.00681059535,44725.416666666664,169074,openai/gpt-oss-120b / cerebras,deepseek/deepseek-v4-flash / deepinfra
RAG-Q-183,충남에 계신 부모님 지역의 노인 인구가 많은 편인지 자료로 볼 수 있나요?,12,927.5833333333334,1263.9166666666667,2191.5,0.002981081683333333,26755.25,59156,openai/gpt-oss-120b / cerebras,deepseek/deepseek-v4-flash / deepinfra
RAG-Q-184,제주도 읍면동별로 어르신 인구를 보고 싶은데 그런 단위까지 나와요?,12,928.6666666666666,1127.0833333333333,2055.75,0.0024593546,19427.0,34353,openai/gpt-oss-120b / cerebras,deepseek/deepseek-v4-flash / deepinfra
RAG-Q-185,부모님이 돌봄이 필요한데 노인맞춤돌봄서비스랑 장기요양은 뭐부터 알아봐야 할지 모르겠어요.,12,955.1666666666666,1373.4166666666667,2328.5833333333335,0.003063043433333333,26367.25,63427,openai/gpt-oss-120b / cerebras,deepseek/deepseek-v4-flash / deepinfra
RAG-Q-186,"노인맞춤돌봄서비스를 받을 수 있는지 보려면 건강 상태가 중요한가요, 소득이 중요한가요?",12,935.4166666666666,1081.4166666666667,2016.8333333333333,0.0023770926833333334,18325.833333333332,35395,openai/gpt-oss-120b / cerebras,deepseek/deepseek-v4-flash / gmicloud
RAG-Q-187,지역 기관을 찾고 싶은데 노인돌봄서비스 기관 현황에서 전화번호까지 확인할 수 있나요?,12,934.1666666666666,1232.75,2166.9166666666665,0.0029336239333333336,23353.083333333332,55140,openai/gpt-oss-120b / cerebras,deepseek/deepseek-v4-flash / deepinfra
RAG-Q-188,"노인학대 예방교육은 제가 개인으로 신청하는 교육인가요, 기관 현황 자료인가요?",12,930.25,1154.5,2084.75,0.0025033786000000003,22876.5,46106,openai/gpt-oss-120b / cerebras,deepseek/deepseek-v4-flash / deepinfra
RAG-Q-189,어머니가 복지시설에 들어가야 할지 돌봄서비스를 받아야 할지 모르겠어요. 어떤 정보를 더 말해야 하나요?,12,952.0833333333334,1316.5833333333333,2268.6666666666665,0.003071278266666667,27178.833333333332,53774,openai/gpt-oss-120b / cerebras,deepseek/deepseek-v4-flash / deepinfra
RAG-Q-190,아버지가 일은 하고 싶은데 몸이 약해서 사회활동 정도만 가능해요. 노인일자리에서 어떤 유형을 봐야 해요?,12,941.3333333333334,1569.0,2510.3333333333335,0.0033353186833333334,29037.166666666668,64139,openai/gpt-oss-120b / cerebras,deepseek/deepseek-v4-flash / deepinfra
RAG-Q-191,노인일자리 수행기관에 연락하려는데 우리 지역을 먼저 골라야 하나요?,12,938.0,982.75,1920.75,0.0023359389333333334,17483.75,47153,openai/gpt-oss-120b / cerebras,deepseek/deepseek-v4-flash / deepinfra
RAG-Q-192,채용공고에 '고령자 우대'라고 되어 있는데 이게 정부 노인일자리랑 같은 건가요?,12,932.5,1336.75,2269.25,0.0030706966,25848.416666666668,52985,openai/gpt-oss-120b / cerebras,deepseek/deepseek-v4-flash / deepinfra
RAG-Q-193,잡코리아에서 고령자 채용을 찾았는데 마감일이 지난 것 같아요. 그래도 지원 가능하다고 안내해도 되나요?,12,938.5,1287.8333333333333,2226.3333333333335,0.0029031059333333334,24587.666666666668,52288,openai/gpt-oss-120b / cerebras,deepseek/deepseek-v4-flash / deepinfra
RAG-Q-194,고령자 채용 공고에서 급여가 회사 내규라고 되어 있으면 정확한 금액을 알 수 있나요?,12,932.5,1136.0833333333333,2068.5833333333335,0.0022460777666666668,20199.25,43612,openai/gpt-oss-120b / cerebras,deepseek/deepseek-v4-flash / deepinfra
RAG-Q-195,경북 고령군 채용을 찾는데 '고령자'랑 지명 '고령'이 헷갈려요. 어떻게 구분해야 해요?,12,936.8333333333334,1204.6666666666667,2141.5,0.0024872729333333334,20950.666666666668,41930,openai/gpt-oss-120b / cerebras,deepseek/deepseek-v4-flash / deepinfra
RAG-Q-196,"시급 10,320원 공고가 있으면 최저임금보다 높은지 낮은지 판단해줄 수 있어요?",12,933.5,703.75,1637.25,0.00150656085,12022.666666666666,34553,openai/gpt-oss-120b / cerebras,deepseek/deepseek-v4-flash / deepinfra
RAG-Q-197,나이 때문에 채용에서 떨어진 것 같지만 증거는 없어요. 어떤 자료를 먼저 보면 되나요?,12,931.3333333333334,1559.5,2490.8333333333335,0.0036233943499999997,30866.166666666668,76357,openai/gpt-oss-120b / cerebras,deepseek/deepseek-v4-flash / deepinfra
RAG-Q-198,회사에서 나이 많은 사람은 지원하지 말라고 공고에 적으면 문제가 될 수 있나요?,12,925.5833333333334,1205.5833333333333,2131.1666666666665,0.0026156261833333336,21930.0,45058,openai/gpt-oss-120b / cerebras,deepseek/deepseek-v4-flash / gmicloud
RAG-Q-199,계약직으로 1년 일했는데 퇴직금을 받을 수 있는지 궁금해요.,12,927.5,1335.5833333333333,2263.0833333333335,0.0034342823499999998,23198.416666666668,67228,openai/gpt-oss-120b / cerebras,deepseek/deepseek-v4-flash / deepinfra
RAG-Q-200,아르바이트도 최저임금 적용을 받나요?,12,927.1666666666666,909.4166666666666,1836.5833333333333,0.002225074016666667,17019.833333333332,48164,openai/gpt-oss-120b / cerebras,deepseek/deepseek-v4-flash / deepinfra
RAG-Q-201,임금이 뭔지 법적으로 어떻게 보는지 궁금해요. 월급이랑 수당도 포함되나요?,12,931.5,864.3333333333334,1795.8333333333333,0.0017550895166666667,16418.333333333332,33454,openai/gpt-oss-120b / cerebras,deepseek/deepseek-v4-flash / deepinfra
RAG-Q-202,실직했는데 고용보험에서 받을 수 있는 게 있는지 어디부터 확인해야 하나요?,12,924.5833333333334,1362.9166666666667,2287.5,0.003036154766666667,25187.166666666668,51568,openai/gpt-oss-120b / cerebras,deepseek/deepseek-v4-flash / gmicloud
RAG-Q-203,고용보험 얘기하다가 노인복지 지원까지 같이 물어봐도 같은 제도인가요?,12,929.5,679.3333333333334,1608.8333333333333,0.0016727160166666666,12303.916666666666,31892,openai/gpt-oss-120b / cerebras,deepseek/deepseek-v4-flash / gmicloud
RAG-Q-204,노인복지법에 있는 시설과 우리 동네 실제 시설 목록은 어떻게 연결해서 봐야 해요?,12,929.5,1676.75,2606.25,0.004104890683333333,36596.083333333336,71928,openai/gpt-oss-120b / cerebras,deepseek/deepseek-v4-flash / deepinfra
RAG-Q-205,서울에 사는데 경로당 지원 조례를 알고 싶어요. 서울 자료가 짧으면 다른 자료도 봐야 하나요?,12,933.5833333333334,1429.75,2363.3333333333335,0.0032721205166666664,26483.916666666668,59229,openai/gpt-oss-120b / cerebras,deepseek/deepseek-v4-flash / deepinfra
RAG-Q-206,기초연금은 법도 있고 조례도 있는 것 같은데 제가 신청할 때 뭘 기준으로 봐야 해요?,12,933.5833333333334,1167.8333333333333,2101.4166666666665,0.0026737170166666667,26152.166666666668,63355,openai/gpt-oss-120b / cerebras,deepseek/deepseek-v4-flash / deepinfra
RAG-Q-207,노인일자리 조례가 있으면 바로 일자리를 신청할 수 있다는 뜻인가요?,12,925.5,1159.9166666666667,2085.4166666666665,0.0023134370166666665,20614.083333333332,60379,openai/gpt-oss-120b / cerebras,deepseek/deepseek-v4-flash / deepinfra
RAG-Q-208,경로당 지원을 받고 싶은데 개인이 신청하는 건지 경로당 시설이 신청하는 건지 모르겠어요.,12,934.25,1204.1666666666667,2138.4166666666665,0.0025769014333333336,22122.916666666668,51869,openai/gpt-oss-120b / cerebras,deepseek/deepseek-v4-flash / deepinfra
RAG-Q-209,고령자 조례에 나오는 지원이 전국 어디서나 같은 건가요?,12,922.5833333333334,818.4166666666666,1741.0,0.0020635667666666665,15868.083333333334,28775,openai/gpt-oss-120b / cerebras,deepseek/deepseek-v4-flash / siliconflow
RAG-Q-210,제가 사는 지역을 안 말했는데도 받을 수 있는 지자체 지원을 정확히 알려줄 수 있나요?,12,932.3333333333334,1062.9166666666667,1995.25,0.0023080541,18542.0,41651,openai/gpt-oss-120b / cerebras,deepseek/deepseek-v4-flash / deepinfra
RAG-Q-211,"부산 해운대구에 사는 66세 부모님이 기초연금을 받을 수 있는지 물어보면, 법 기준이랑 해운대구 자료를 같이 봐서 어떻게 답해야 해?",12,952.4166666666666,1663.3333333333333,2615.75,0.0033528027666666666,28077.583333333332,57608,openai/gpt-oss-120b / cerebras,deepseek/deepseek-v4-flash / deepinfra
RAG-Q-212,"기초연금은 국가 돈으로만 주는 건지, 서울 자치구도 부담하는 건지 물으면 어떤 근거를 같이 봐야 해?",12,938.5833333333334,1284.0,2222.5833333333335,0.0028282106,22549.75,38118,openai/gpt-oss-120b / cerebras,deepseek/deepseek-v4-flash / deepinfra
RAG-Q-213,대전 서구에 사는 90세 어르신이 장수축하금도 받고 기초연금도 받을 수 있는지 물으면 어떻게 구분해서 답해야 해?,12,943.5833333333334,1463.5833333333333,2407.1666666666665,0.0027597536833333333,37190.416666666664,153027,openai/gpt-oss-120b / cerebras,deepseek/deepseek-v4-flash / deepinfra
RAG-Q-214,"수원에 사는 70세인데 일하고 싶다는 질문에는 노인복지법, 노인일자리 자료, 지역 자료 중 뭘 근거로 답해야 해?",12,944.5,1283.5,2228.0,0.0027260632666666665,23818.333333333332,57209,openai/gpt-oss-120b / cerebras,deepseek/deepseek-v4-flash / gmicloud
RAG-Q-215,부산 해운대구에 사는 어르신이 일자리 사업이랑 기초연금을 같이 물어보면 하나의 제도로 답하면 돼?,12,941.4166666666666,1165.1666666666667,2106.5833333333335,0.0025086376833333333,21481.416666666668,40572,openai/gpt-oss-120b / cerebras,deepseek/deepseek-v4-flash / deepinfra
RAG-Q-216,"혼자 사는 어머니가 울산 남구에 계신데 돌봄이 필요한지, 노인맞춤돌봄인지 지역 생활민원 지원인지 어떻게 구분해?",12,949.1666666666666,2078.9166666666665,3028.0833333333335,0.004577674683333334,41513.583333333336,92234,openai/gpt-oss-120b / cerebras,deepseek/deepseek-v4-flash / deepinfra
RAG-Q-217,노인맞춤돌봄 생활지원사가 이용자 가족 부탁으로 집안일이나 가족 심부름까지 해야 하는지 물으면 어떤 근거로 답해?,12,946.9166666666666,1384.8333333333333,2331.75,0.0029805713500000003,22998.083333333332,49416,openai/gpt-oss-120b / cerebras,deepseek/deepseek-v4-flash / deepinfra
RAG-Q-218,"요양원인지 노인의료복지시설인지 헷갈리는데, 서울에 있는 시설 목록을 볼 때 법상 시설 종류랑 실제 데이터는 어떻게 연결해?",12,944.25,2009.8333333333333,2954.0833333333335,0.004397924766666667,34886.166666666664,62176,openai/gpt-oss-120b / cerebras,deepseek/deepseek-v4-flash / deepinfra
RAG-Q-219,"경로당에 냉난방비나 운영비 지원이 가능한지 물으면 노인복지법만 보면 돼, 아니면 조례도 봐야 해?",12,942.5,1071.25,2013.75,0.0026652099333333338,20222.833333333332,42493,openai/gpt-oss-120b / cerebras,deepseek/deepseek-v4-flash / deepinfra
RAG-Q-220,노인학대가 의심되는데 복지시설 문제인지 가족 문제인지 몰라. 어떤 법 조항과 통계 자료를 같이 봐야 해?,12,941.3333333333334,2217.5833333333335,3158.9166666666665,0.005094988183333334,42384.0,89631,openai/gpt-oss-120b / cerebras,deepseek/deepseek-v4-flash / deepinfra
RAG-Q-221,"75세 아버지가 채용공고에서 나이 때문에 안 된다고 들었는데, 고령자고용촉진법이랑 실제 채용공고를 어떻게 같이 봐야 해?",12,946.5833333333334,1840.5833333333333,2787.1666666666665,0.0043173431,34958.833333333336,81252,openai/gpt-oss-120b / cerebras,deepseek/deepseek-v4-flash / deepinfra
RAG-Q-222,시니어 일자리 공고에서 월급이 낮아 보이는데 최저임금 위반인지 바로 말해줄 수 있어?,12,934.5,1315.0833333333333,2249.5833333333335,0.0029393867666666668,23353.25,63439,openai/gpt-oss-120b / cerebras,deepseek/deepseek-v4-flash / deepinfra
RAG-Q-223,노인맞춤돌봄 수행기관 생활지원사가 1년 넘게 일하고 그만두면 퇴직금을 받을 수 있는지 사업안내와 법을 같이 봐줘.,12,953.8333333333334,1738.8333333333333,2692.6666666666665,0.003868398433333333,31819.416666666668,79054,openai/gpt-oss-120b / cerebras,deepseek/deepseek-v4-flash / deepinfra
RAG-Q-224,"노인맞춤돌봄 수행기관이 예산을 마음대로 써도 되는지, 사업안내에 나온 계약서랑 회계 규칙을 같이 근거로 말해줘.",12,951.0833333333334,1623.25,2574.3333333333335,0.00393745835,30949.333333333332,89973,openai/gpt-oss-120b / cerebras,deepseek/deepseek-v4-flash / deepinfra
RAG-Q-225,"광주 자치구의 기초연금 비용 부담을 설명할 때 국비, 시비, 구비를 어떻게 나눠서 말해야 해?",12,936.6666666666666,1301.1666666666667,2237.8333333333335,0.002661551433333333,23835.416666666668,54478,openai/gpt-oss-120b / cerebras,deepseek/deepseek-v4-flash / deepinfra
RAG-Q-226,서울에서 기초연금 부담비율이 자치구마다 달라질 수 있는지 물으면 어떤 조례 조항까지 봐야 해?,12,937.5,1672.25,2609.75,0.0035978195166666664,27985.333333333332,61794,openai/gpt-oss-120b / cerebras,deepseek/deepseek-v4-flash / deepinfra
RAG-Q-227,"인천 연수구 노인일자리 질문인데 인천시 노인복지정책, 연수구 노인일자리 자료, 노인복지법이 같이 검색되면 어떤 순서로 답해야 해?",12,954.3333333333334,1330.75,2285.0833333333335,0.003010126933333333,22232.833333333332,39094,openai/gpt-oss-120b / cerebras,deepseek/deepseek-v4-flash / deepinfra
RAG-Q-228,노인복지시설에 입소하고 싶은데 재가노인복지시설이랑 노인의료복지시설이 둘 다 나오면 어떻게 다르게 설명해?,12,944.25,1366.4166666666667,2310.6666666666665,0.0030937996,29917.083333333332,109848,openai/gpt-oss-120b / cerebras,deepseek/deepseek-v4-flash / deepinfra
RAG-Q-229,"기초연금을 이미 받는 사람이 지역 장수축하금까지 물어보면, 소득인정액에 영향이 있는지까지 답해야 해?",12,938.5833333333334,1447.3333333333333,2385.9166666666665,0.0030813851,25692.5,47095,openai/gpt-oss-120b / cerebras,deepseek/deepseek-v4-flash / deepinfra
RAG-Q-230,"가족이 치매 의심 어르신을 모시는데 돌봄서비스, 요양시설, 노인학대 예방 자료가 같이 나오면 어떤 답변 구조가 좋아?",12,946.3333333333334,1547.0,2493.3333333333335,0.0034501586,31147.083333333332,56604,openai/gpt-oss-120b / cerebras,deepseek/deepseek-v4-flash / gmicloud
RAG-Q-231,"지역 조례 자료가 너무 많이 검색될 때, 부산 기초연금 질문에 서울 조례까지 섞어 답하면 왜 틀려?",12,939.25,1031.6666666666667,1970.9166666666667,0.00227059335,19522.5,34261,openai/gpt-oss-120b / cerebras,deepseek/deepseek-v4-flash / deepinfra
RAG-Q-232,어르신이 근로계약서 없이 며칠만 일했는데 퇴직금이랑 최저임금을 같이 물어보면 어떻게 나눠 답해?,12,943.5,1827.0,2770.5,0.003990825183333334,31394.583333333332,72429,openai/gpt-oss-120b / cerebras,deepseek/deepseek-v4-flash / deepinfra
RAG-Q-233,"노인일자리 참여자가 다치거나 힘든 일을 못 하겠다고 하면 복지정책 자료만 보면 돼, 근로 관련 자료도 봐야 해?",12,944.25,1661.0,2605.25,0.003611691266666667,30107.333333333332,87777,openai/gpt-oss-120b / cerebras,deepseek/deepseek-v4-flash / deepinfra
RAG-Q-234,"노인복지정책 CSV에는 지역 정책이 있고 조례에는 법적 근거가 있는데, 답변에서 둘 중 하나만 써도 돼?",12,939.5,964.3333333333334,1903.8333333333333,0.00219019435,15914.75,26880,openai/gpt-oss-120b / cerebras,deepseek/deepseek-v4-flash / deepinfra
RAG-Q-235,제주도 읍면동별 노인인구가 많은 곳에 경로당이나 여가복지시설 지원을 늘려야 하는지 물으면 어떤 자료들을 같이 봐야 해?,12,946.5833333333334,1557.8333333333333,2504.4166666666665,0.0035808354333333337,27840.916666666668,53110,openai/gpt-oss-120b / cerebras,deepseek/deepseek-v4-flash / gmicloud
RAG-Q-236,충남 노인인구가 늘었다는 자료만 보고 기초연금 예산이 얼마나 늘어야 한다고 답해도 돼?,12,937.4166666666666,1094.5,2031.9166666666667,0.00235238035,18831.333333333332,40192,openai/gpt-oss-120b / cerebras,deepseek/deepseek-v4-flash / deepinfra
RAG-Q-237,광산구 노인복지시설을 찾는 사람에게 광주시 노인복지정책까지 같이 설명해야 하는지 물으면 어떻게 답해?,12,936.5833333333334,1078.3333333333333,2014.9166666666667,0.0025139829333333335,18848.166666666668,43016,openai/gpt-oss-120b / cerebras,deepseek/deepseek-v4-flash / deepinfra
RAG-Q-238,대구 달서구 노인복지시설을 찾는데 대구시 정책과 달서구 시설현황이 같이 나오면 어느 쪽을 먼저 써야 해?,12,945.25,973.4166666666666,1918.6666666666667,0.002154819516666667,17759.083333333332,34007,openai/gpt-oss-120b / cerebras,deepseek/deepseek-v4-flash / deepinfra
RAG-Q-239,울산 북구 노인복지시설 현황과 울산 남구 노인일자리 자료가 같이 검색되면 같은 울산이라고 묶어서 답해도 돼?,12,946.25,1087.0,2033.25,0.0026801867666666666,20655.0,58561,openai/gpt-oss-120b / cerebras,deepseek/deepseek-v4-flash / deepinfra
RAG-Q-240,세종시에 사는 어르신이 복지시설과 복지정책을 같이 물으면 세종시 정책 CSV랑 시설현황 CSV를 어떻게 나눠 써?,12,943.5,1463.5,2407.0,0.002957619183333333,25103.666666666668,40569,openai/gpt-oss-120b / cerebras,deepseek/deepseek-v4-flash / deepinfra
RAG-Q-241,강원도 노인복지정책 자료를 보고 특정 시군의 조례 지원까지 확정해서 말해도 돼?,12,930.75,1141.0,2071.75,0.0024141549333333337,18546.416666666668,38348,openai/gpt-oss-120b / cerebras,deepseek/deepseek-v4-flash / deepinfra
RAG-Q-242,전남 노인복지정책과 전라남도 노인인구현황을 근거로 어떤 시군이 돌봄 우선인지 답해도 돼?,12,952.9166666666666,1351.6666666666667,2304.5833333333335,0.0031561416833333334,24239.5,49064,openai/gpt-oss-120b / cerebras,deepseek/deepseek-v4-flash / deepseek
RAG-Q-243,경북 재가노인복지시설 자료와 노인맞춤돌봄 자료가 같이 나오면 둘 다 방문 돌봄이니까 같은 서비스로 봐도 돼?,12,960.3333333333334,1273.75,2234.0833333333335,0.0030488535166666667,21581.0,48422,openai/gpt-oss-120b / cerebras,deepseek/deepseek-v4-flash / deepinfra
RAG-Q-244,장기요양기관 현황과 노인복지시설 현황이 같이 나오면 요양원 추천 답변에 둘을 어떻게 써야 해?,12,940.3333333333334,2218.75,3159.0833333333335,0.0048440176,41129.833333333336,70856,openai/gpt-oss-120b / cerebras,deepseek/deepseek-v4-flash / deepinfra
RAG-Q-245,노인여가복지시설 수가 많은 지역이면 경로당 운영비가 더 많이 지원된다고 말할 수 있어?,12,930.6666666666666,1247.1666666666667,2177.8333333333335,0.0025800362666666666,21858.583333333332,44181,openai/gpt-oss-120b / cerebras,deepseek/deepseek-v4-flash / deepinfra
RAG-Q-246,노인학대예방교육 현황이 낮은 지역이면 그 지역 시설이 학대 위험이 높다고 답해도 돼?,12,935.4166666666666,1074.8333333333333,2010.25,0.002621861183333333,21696.25,49183,openai/gpt-oss-120b / cerebras,deepseek/deepseek-v4-flash / deepinfra
RAG-Q-247,65세 미만인데 장애나 질병이 있어서 기초연금을 받을 수 있는지 묻는다면 어떻게 답해야 해?,12,934.3333333333334,975.5833333333334,1909.9166666666667,0.0021631552666666666,16988.25,36296,openai/gpt-oss-120b / cerebras,deepseek/deepseek-v4-flash / deepinfra
RAG-Q-248,부부 중 한 명만 65세이고 다른 한 명은 63세인데 기초연금 신청을 어떻게 설명해야 해?,12,931.6666666666666,1878.0833333333333,2809.75,0.004368904183333334,35061.666666666664,79525,openai/gpt-oss-120b / cerebras,deepseek/deepseek-v4-flash / deepinfra
RAG-Q-249,해외에 오래 머문 66세 어르신이 기초연금을 물으면 나이만 보고 된다고 답해도 돼?,12,935.5,1200.0833333333333,2135.5833333333335,0.002757312516666667,21920.083333333332,41474,openai/gpt-oss-120b / cerebras,deepseek/deepseek-v4-flash / deepinfra
RAG-Q-250,기초연금 신청할 때 금융정보 제공을 거부하면 어떻게 되는지 물으면 신청 조항만 보면 충분해?,12,933.3333333333334,1179.9166666666667,2113.25,0.00257322135,22732.083333333332,43762,openai/gpt-oss-120b / cerebras,deepseek/deepseek-v4-flash / deepinfra
RAG-Q-251,어르신이 노인일자리 참여 중인데 임금이 아니라 활동비라고 들었다면 최저임금법을 바로 적용하면 돼?,12,936.5833333333334,1322.0,2258.5833333333335,0.0025911311,21629.333333333332,42661,openai/gpt-oss-120b / cerebras,deepseek/deepseek-v4-flash / deepinfra
RAG-Q-252,노인일자리 사업 참여자가 실업급여도 받을 수 있는지 묻는다면 어떤 자료 한계가 있어?,12,931.5,1658.0,2589.5,0.0036443550166666665,30138.583333333332,55386,openai/gpt-oss-120b / cerebras,deepseek/deepseek-v4-flash / deepinfra
RAG-Q-253,노인맞춤돌봄 생활지원사가 주 15시간 미만으로 일하면 퇴직급여와 최저임금을 어떻게 따로 판단해야 해?,12,944.1666666666666,1577.1666666666667,2521.3333333333335,0.0032949661,26652.5,66080,openai/gpt-oss-120b / cerebras,deepseek/deepseek-v4-flash / deepinfra
RAG-Q-254,시니어 채용공고가 60세 이상 우대라고 쓰면 연령차별인지 고령자 우대인지 어떻게 판단해?,12,935.5833333333334,1748.9166666666667,2684.5,0.0035951191833333332,29516.5,56106,openai/gpt-oss-120b / cerebras,deepseek/deepseek-v4-flash / deepinfra
RAG-Q-255,채용공고에는 시급만 있고 근무시간이 없는데 최저임금 위반이라고 판정해도 돼?,12,930.75,1457.5,2388.25,0.0030531476,24790.833333333332,56625,openai/gpt-oss-120b / cerebras,deepseek/deepseek-v4-flash / deepinfra
RAG-Q-256,근로계약서에는 수습 3개월이라고만 되어 있고 단순노무인지 모르면 최저임금 감액 적용을 말해도 돼?,12,939.5833333333334,1764.9166666666667,2704.5,0.00350008035,30575.916666666668,84847,openai/gpt-oss-120b / cerebras,deepseek/deepseek-v4-flash / deepinfra
RAG-Q-257,도급으로 일하는 어르신 임금이 낮으면 원청도 책임이 있는지 물을 때 어떤 조항을 봐야 해?,12,935.5833333333334,1916.6666666666667,2852.25,0.004223105183333333,32257.833333333332,68670,openai/gpt-oss-120b / cerebras,deepseek/deepseek-v4-flash / deepinfra
RAG-Q-258,노인복지시설 종사자 인권교육 질문인데 노인학대예방교육 통계와 시설현황이 같이 나오면 어떻게 답해야 해?,12,941.3333333333334,1862.0833333333333,2803.4166666666665,0.004018573183333333,31591.083333333332,55831,openai/gpt-oss-120b / cerebras,deepseek/deepseek-v4-flash / deepinfra
RAG-Q-259,노인학대 의심 신고와 기초연금 신청 상담을 한 번에 물어보면 답변 순서를 어떻게 잡아야 해?,12,938.3333333333334,1140.4166666666667,2078.75,0.002394501933333333,18349.166666666668,35753,openai/gpt-oss-120b / cerebras,deepseek/deepseek-v4-flash / deepinfra
RAG-Q-260,노인맞춤돌봄 대상자가 서비스 시간을 마음대로 바꾸자고 하면 생활지원사가 바로 바꿔도 돼?,12,940.0,936.1666666666666,1876.1666666666667,0.0020974700999999998,16667.25,31977,openai/gpt-oss-120b / cerebras,deepseek/deepseek-v4-flash / deepinfra
RAG-Q-261,노인맞춤돌봄 이용자가 CCTV로 돌봄제공인력을 촬영해도 되는지 물으면 어떤 자료를 근거로 답해?,12,941.3333333333334,1447.4166666666667,2388.75,0.0030228948500000004,24699.25,44065,openai/gpt-oss-120b / cerebras,deepseek/deepseek-v4-flash / deepinfra
RAG-Q-262,퇴원 후 잠깐 돌봄이 필요한데 노인맞춤돌봄 일반 대상인지 퇴원환자 단기집중 서비스인지 어떻게 구분해?,12,948.0,1689.75,2637.75,0.0038661341,28963.416666666668,65582,openai/gpt-oss-120b / cerebras,deepseek/deepseek-v4-flash / deepinfra
RAG-Q-263,보건복지부 노인돌봄서비스 기관 현황에 기관이 있으면 바로 서비스 신청 가능한 걸로 답해도 돼?,12,939.1666666666666,1335.6666666666667,2274.8333333333335,0.0028680700166666667,22709.666666666668,38509,openai/gpt-oss-120b / cerebras,deepseek/deepseek-v4-flash / deepinfra
RAG-Q-264,서울 노인의료복지시설 목록에 있는 시설이면 모두 장기요양기관이라고 답해도 돼?,12,932.25,1229.0,2161.25,0.0028167627666666668,20658.0,56682,openai/gpt-oss-120b / cerebras,deepseek/deepseek-v4-flash / deepinfra
RAG-Q-265,부산 노인요양시설 현황을 보고 서울 부모님 입소처까지 추천하면 왜 문제가 돼?,12,930.4166666666666,1232.8333333333333,2163.25,0.0027021106,22275.75,40526,openai/gpt-oss-120b / cerebras,deepseek/deepseek-v4-flash / deepinfra
RAG-Q-266,전국 노인복지시설 통계와 특정 지역 시설 목록이 서로 숫자가 안 맞아 보이면 어떤 답변을 해야 해?,12,938.1666666666666,1458.0,2396.1666666666665,0.0029869626000000003,27202.416666666668,49262,openai/gpt-oss-120b / cerebras,deepseek/deepseek-v4-flash / deepinfra
RAG-Q-267,노인복지시설 생활자 수가 많은 지역이면 노인학대예방교육 대상도 많다고 말할 수 있어?,12,930.6666666666666,1185.5833333333333,2116.25,0.0027287604333333334,20087.75,45588,openai/gpt-oss-120b / cerebras,deepseek/deepseek-v4-flash / deepinfra
RAG-Q-268,노인복지법 목적 조항만 보고 지자체가 모든 노인복지 사업을 반드시 해야 한다고 답해도 돼?,12,937.3333333333334,1077.4166666666667,2014.75,0.00240990585,18965.083333333332,38350,openai/gpt-oss-120b / cerebras,deepseek/deepseek-v4-flash / deepinfra
RAG-Q-269,노인복지법에 사회참여 지원이 있으니 지자체 노인일자리 예산 삭감은 무조건 위법이라고 말해도 돼?,12,941.5,1353.1666666666667,2294.6666666666665,0.0029043488500000002,23914.833333333332,47428,openai/gpt-oss-120b / cerebras,deepseek/deepseek-v4-flash / deepinfra
RAG-Q-270,생업지원 조항이 있으니 70세 어르신에게 공공기관 매점을 우선 배정해야 한다고 답해도 돼?,12,938.4166666666666,1429.25,2367.6666666666665,0.0030761316,33891.916666666664,106772,openai/gpt-oss-120b / cerebras,deepseek/deepseek-v4-flash / deepinfra
RAG-Q-271,노인학대 예방의 날 자료를 근거로 특정 날짜에 지자체가 반드시 행사를 해야 한다고 답해도 돼?,12,938.25,1166.5,2104.75,0.0023343326,19701.166666666668,54645,openai/gpt-oss-120b / cerebras,deepseek/deepseek-v4-flash / deepinfra
RAG-Q-272,어르신이 경로당 회원이 아닌데 경로당 프로그램만 이용할 수 있는지 물으면 어떤 근거가 부족해?,12,933.5833333333334,1369.0833333333333,2302.6666666666665,0.0029144670166666668,26962.333333333332,52436,openai/gpt-oss-120b / cerebras,deepseek/deepseek-v4-flash / deepinfra
RAG-Q-273,어르신이 다른 구 경로당을 이용하고 싶은데 같은 대전이면 가능하다고 답해도 돼?,12,930.5833333333334,1239.0,2169.5833333333335,0.0027954122666666668,22787.333333333332,40376,openai/gpt-oss-120b / cerebras,deepseek/deepseek-v4-flash / deepinfra
RAG-Q-274,노인복지정책 자료에 '무료'라고 적힌 사업이면 소득이나 나이 조건 없이 누구나 받을 수 있다고 답해도 돼?,12,943.0833333333334,830.25,1773.3333333333333,0.0018041456833333333,13222.083333333334,20984,openai/gpt-oss-120b / cerebras,deepseek/deepseek-v4-flash / deepinfra
RAG-Q-275,정책 CSV에 사업명만 있고 대상자 조건이 비어 있으면 사용자가 신청 가능하다고 말해도 돼?,12,930.6666666666666,859.6666666666666,1790.3333333333333,0.0017121759333333332,13169.5,33021,openai/gpt-oss-120b / cerebras,deepseek/deepseek-v4-flash / deepinfra
RAG-Q-276,서구라는 말만 듣고 대전 서구 장수축하금 자료를 바로 적용해도 돼?,12,926.75,917.8333333333334,1844.5833333333333,0.0019920701000000003,15419.416666666666,28850,openai/gpt-oss-120b / cerebras,deepseek/deepseek-v4-flash / deepinfra
RAG-Q-277,중구 경로당이라고만 말했을 때 대전 중구 경로당현황을 근거로 답하면 충분해?,12,931.6666666666666,854.1666666666666,1785.8333333333333,0.0021538845166666665,15122.916666666666,27714,openai/gpt-oss-120b / cerebras,deepseek/deepseek-v4-flash / deepinfra
RAG-Q-278,사용자가 '요양병원'을 물었는데 노인요양시설 자료만 검색되면 그대로 답해도 돼?,12,934.4166666666666,851.1666666666666,1785.5833333333333,0.0019604552666666664,14151.25,30129,openai/gpt-oss-120b / cerebras,deepseek/deepseek-v4-flash / deepinfra
RAG-Q-279,사용자가 '나라에서 주는 노인 돈'이라고만 말하면 기초연금으로 바로 답해도 돼?,12,930.5833333333334,984.9166666666666,1915.5,0.0022553127666666666,16525.583333333332,30342,openai/gpt-oss-120b / cerebras,deepseek/deepseek-v4-flash / gmicloud
RAG-Q-280,사용자가 '엄마가 혼자 사는데 누가 와서 확인해주는 서비스'라고만 말하면 어떤 후보를 제시해야 해?,12,938.25,1365.6666666666667,2303.9166666666665,0.002926341266666667,24252.333333333332,50028,openai/gpt-oss-120b / cerebras,deepseek/deepseek-v4-flash / deepinfra
RAG-Q-281,사용자가 '아버지가 집에 있기 위험해서 시설 보내야 하나요'라고 물으면 바로 시설 목록을 보여주면 돼?,12,939.0833333333334,1158.6666666666667,2097.75,0.0023381565166666666,22003.0,40466,openai/gpt-oss-120b / cerebras,deepseek/deepseek-v4-flash / deepinfra
RAG-Q-282,사용자가 '수급자'라고 했는데 기초연금 수급자인지 기초생활수급자인지 불명확하면 어떻게 해야 해?,12,936.5833333333334,990.5,1927.0833333333333,0.0023134254333333332,16651.583333333332,34896,openai/gpt-oss-120b / cerebras,deepseek/deepseek-v4-flash / deepinfra
RAG-Q-283,"부산 해운대구 어르신이 기초연금, 노인일자리 활동비, 장수축하금까지 한 번에 받을 수 있냐고 물으면 어떻게 답해야 해?",12,947.5,1547.75,2495.25,0.0034030190166666665,25809.416666666668,48813,openai/gpt-oss-120b / cerebras,deepseek/deepseek-v4-flash / gmicloud
RAG-Q-284,"서울 부모님 요양시설을 찾는데 부산 노인요양시설, 서울 노인의료복지시설, KOSIS 장기요양기관 자료가 같이 나오면 답변은 어떻게 걸러야 해?",12,955.0833333333334,1646.75,2601.8333333333335,0.0032479850166666664,28184.083333333332,59391,openai/gpt-oss-120b / cerebras,deepseek/deepseek-v4-flash / deepinfra
RAG-Q-285,"어머니가 혼자 살고 치매가 의심되는데 기초연금, 노인맞춤돌봄, 요양시설 중 뭐부터 알아봐야 하냐고 물으면?",12,952.0,1666.4166666666667,2618.4166666666665,0.0037679444333333333,28686.25,51004,openai/gpt-oss-120b / cerebras,deepseek/deepseek-v4-flash / deepinfra
RAG-Q-286,노인일자리 공고에서 월급이 낮고 65세 이상 우대라고 되어 있으면 최저임금 위반이면서 연령차별이라고 답해도 돼?,12,968.0833333333334,1609.8333333333333,2577.9166666666665,0.003908171933333334,29079.25,66188,openai/gpt-oss-120b / cerebras,deepseek/deepseek-v4-flash / gmicloud
RAG-Q-287,"노인일자리 참여 중 다쳤는데 실업급여, 산재, 노인복지 지원 중 뭘 받을 수 있냐고 물으면 RAG 답변은 어디까지 해야 해?",12,951.1666666666666,2213.4166666666665,3164.5833333333335,0.0047543556833333335,36238.083333333336,56753,openai/gpt-oss-120b / cerebras,deepseek/deepseek-v4-flash / deepinfra
RAG-Q-288,"대전 서구 노인복지업무목록에 있는 사업을 보고 기초연금, 장수축하금, 경로당 지원을 한꺼번에 신청 가능하다고 안내해도 돼?",12,952.4166666666666,1384.1666666666667,2336.5833333333335,0.0029775247666666664,24279.0,50841,openai/gpt-oss-120b / cerebras,deepseek/deepseek-v4-flash / deepinfra
RAG-Q-289,"광주 광산구 시설 자료와 광주시 노인복지정책, 광주 기초연금 비용부담 조례가 같이 검색되면 어르신 개인 상담에 전부 써도 돼?",12,953.3333333333334,1793.6666666666667,2747.0,0.003743234183333333,32139.916666666668,62034,openai/gpt-oss-120b / cerebras,deepseek/deepseek-v4-flash / deepinfra
RAG-Q-290,기초연금 비용부담 조례에 시비·구비 비율이 있으니까 개인이 받을 금액도 그 비율로 나뉜다고 답해도 돼?,12,945.5,956.9166666666666,1902.4166666666667,0.0022355245166666665,18158.75,30119,openai/gpt-oss-120b / cerebras,deepseek/deepseek-v4-flash / deepinfra
RAG-Q-291,"서울 조례에는 자치구 재정여건 얘기가 있고 부산 조례에는 구·군 부담비율 얘기가 있는데, 해운대구 주민 답변에 서울 기준도 참고해도 돼?",12,954.25,1261.25,2215.5,0.003099544766666667,21995.916666666668,42544,openai/gpt-oss-120b / cerebras,deepseek/deepseek-v4-flash / deepinfra
RAG-Q-292,"경로당 운영비 질문에 노인여가복지시설수 통계, 대전 중구 경로당 목록, 경로당 조례가 같이 뜨면 어떤 걸 결론 근거로 써야 해?",12,952.5833333333334,1296.5833333333333,2249.1666666666665,0.0028829672666666663,21161.416666666668,45430,openai/gpt-oss-120b / cerebras,deepseek/deepseek-v4-flash / deepinfra
RAG-Q-293,노인복지시설 현황에는 시설이 있는데 노인학대예방교육 현황에는 교육 수치가 낮으면 그 시설이 문제가 있다고 말해도 돼?,12,945.25,1329.1666666666667,2274.4166666666665,0.003066784516666667,22609.083333333332,58693,openai/gpt-oss-120b / cerebras,deepseek/deepseek-v4-flash / deepinfra
RAG-Q-294,충남 노인인구가 많은 지역에 노인일자리 수행기관이 부족한지 묻는다면 인구현황과 수행기관 목록만으로 결론 내도 돼?,12,946.4166666666666,1165.5,2111.9166666666665,0.0024978092666666668,21799.916666666668,40542,openai/gpt-oss-120b / cerebras,deepseek/deepseek-v4-flash / deepinfra
RAG-Q-295,"노인맞춤돌봄 기관 현황에 가까운 기관이 있고, 장기요양기관 현황에도 기관이 있으면 둘 중 아무 데나 신청하라고 해도 돼?",12,952.9166666666666,1505.5833333333333,2458.5,0.003417064683333333,30172.083333333332,65839,openai/gpt-oss-120b / cerebras,deepseek/deepseek-v4-flash / deepinfra
RAG-Q-296,노인맞춤돌봄 이용자가 요양시설 입소도 생각 중이면 현재 돌봄서비스를 끊어야 한다고 답해도 돼?,12,943.25,1331.1666666666667,2274.4166666666665,0.003068137183333333,26250.75,44344,openai/gpt-oss-120b / cerebras,deepseek/deepseek-v4-flash / gmicloud
RAG-Q-297,노인맞춤돌봄 생활지원사가 이용자에게 폭언을 들었는데 노인학대 신고로 처리해야 하는지 근로 문제로 봐야 하는지 물으면?,12,949.1666666666666,1791.3333333333333,2740.5,0.004063047183333334,69776.16666666667,470974,openai/gpt-oss-120b / cerebras,deepseek/deepseek-v4-flash / deepinfra
RAG-Q-298,어르신 가족이 돌봄제공인력에게 안마와 대청소를 부탁했는데 노인맞춤돌봄 조례가 있으니 해줘야 한다고 답해도 돼?,12,955.0833333333334,1809.75,2764.8333333333335,0.00403423335,31808.083333333332,78775,openai/gpt-oss-120b / cerebras,deepseek/deepseek-v4-flash / deepinfra
RAG-Q-299,기초연금 신청 상담 중 소득자료가 없고 지역 조례만 검색되면 수급 가능하다고 답해도 돼?,12,936.4166666666666,1222.8333333333333,2159.25,0.0027534135999999995,21945.0,48917,openai/gpt-oss-120b / cerebras,deepseek/deepseek-v4-flash / deepinfra
RAG-Q-300,부부가 각각 다른 지역에 주민등록이 되어 있는데 기초연금과 지자체 축하금을 같이 물으면 어떻게 처리해야 해?,12,936.4166666666666,1815.6666666666667,2752.0833333333335,0.0043129901,35720.75,91522,openai/gpt-oss-120b / cerebras,deepseek/deepseek-v4-flash / deepinfra
RAG-Q-301,어르신이 일자리 사업으로 받은 돈 때문에 기초연금이 줄어드는지 물으면 어떤 근거가 부족한지 말해야 해?,12,938.4166666666666,1392.5833333333333,2331.0,0.0026533569333333333,23993.083333333332,52061,openai/gpt-oss-120b / cerebras,deepseek/deepseek-v4-flash / deepinfra
RAG-Q-302,기초연금법에는 금융정보 제공이 있고 노인맞춤돌봄에는 개인정보/CCTV 이야기가 있는데 둘 다 개인정보 동의니까 같은 절차라고 답해도 돼?,12,952.8333333333334,1357.9166666666667,2310.75,0.0033575125166666665,23133.083333333332,59583,openai/gpt-oss-120b / cerebras,deepseek/deepseek-v4-flash / gmicloud
RAG-Q-303,"서울 시설현황에는 주소가 있고 KOSIS에는 시설 수가 있는데, 가장 좋은 시설을 추천해달라면 답해도 돼?",12,941.0833333333334,1121.25,2062.3333333333335,0.0025196050166666666,20086.166666666668,38310,openai/gpt-oss-120b / cerebras,deepseek/deepseek-v4-flash / deepinfra
RAG-Q-304,"부산 노인복지정책에는 사업이 있고 부산 조례에는 비용부담이 있는데, 특정 어르신이 받을 수 있는 금액까지 계산해도 돼?",12,945.3333333333334,1392.1666666666667,2337.5,0.0027339200166666667,23428.5,42541,openai/gpt-oss-120b / cerebras,deepseek/deepseek-v4-flash / deepinfra
RAG-Q-305,인천 중구 시설현황과 인천 연수구 노인일자리 자료가 같이 검색되면 인천 어르신 통합 안내로 묶어도 돼?,12,943.5,1363.4166666666667,2306.9166666666665,0.00305003235,21883.0,48086,openai/gpt-oss-120b / cerebras,deepseek/deepseek-v4-flash / deepinfra
RAG-Q-306,경기도 수원시 노인일자리와 경기도 노인복지정책이 같이 검색되면 경기도 전체 정책을 수원시 모집조건으로 써도 돼?,12,957.25,1250.0,2207.25,0.0029172121833333335,18914.333333333332,46755,openai/gpt-oss-120b / cerebras,deepseek/deepseek-v4-flash / deepinfra
RAG-Q-307,노인복지시설 현황 파일과 노인복지 생활시설 수 및 생활자 현황 파일이 둘 다 있으면 어느 쪽이 개별 시설 안내에 맞아?,12,945.3333333333334,860.0,1805.3333333333333,0.0019095675166666667,13964.833333333334,31691,openai/gpt-oss-120b / cerebras,deepseek/deepseek-v4-flash / gmicloud
RAG-Q-308,고령자 채용공고에 '장년 우대'가 있고 노인일자리 사업 자료도 같이 검색되면 민간 채용과 공공 노인일자리 중 뭘로 답해?,12,951.4166666666666,1361.3333333333333,2312.75,0.002853734016666667,22710.75,38545,openai/gpt-oss-120b / cerebras,deepseek/deepseek-v4-flash / deepinfra
RAG-Q-309,어르신이 '일자리 하다가 그만두면 퇴직금하고 실업급여 둘 다 나오냐'고 물으면 어떤 순서로 확인해야 해?,12,944.3333333333334,1907.5833333333333,2851.9166666666665,0.0039013044333333336,31777.083333333332,73058,openai/gpt-oss-120b / cerebras,deepseek/deepseek-v4-flash / deepinfra
RAG-Q-310,최저임금법과 근로기준법 정의가 같이 나오면 RAG 답변에서 근로기준법만 인용해도 최저임금 판단이 가능해?,12,943.5833333333334,1499.4166666666667,2443.0,0.0032913278499999998,23811.75,49822,openai/gpt-oss-120b / cerebras,deepseek/deepseek-v4-flash / deepinfra
RAG-Q-311,노인복지법에는 노인 일자리 지원이 있고 고령자고용촉진법에는 고용촉진이 있는데 둘 중 아무거나 근거로 써도 돼?,12,947.3333333333334,1123.4166666666667,2070.75,0.0025726245166666664,25014.0,107777,openai/gpt-oss-120b / cerebras,deepseek/deepseek-v4-flash / deepinfra
RAG-Q-312,노인복지정책 CSV와 조례가 검색됐는데 둘 다 최신인지 모르겠으면 최신 제도라고 답해도 돼?,12,939.1666666666666,836.0,1775.1666666666667,0.00189007535,14003.166666666666,31427,openai/gpt-oss-120b / cerebras,deepseek/deepseek-v4-flash / deepinfra
RAG-Q-313,기초연금법 조항은 최신인데 지역 CSV가 오래된 자료면 사용자에게 현재 신청 가능하다고 답해도 돼?,12,936.3333333333334,1178.0,2114.3333333333335,0.0025832582666666663,19202.333333333332,32140,openai/gpt-oss-120b / cerebras,deepseek/deepseek-v4-flash / deepinfra
RAG-Q-314,사용자가 '우리 동네 노인복지 뭐 있어요'라고 했는데 지역명을 안 말하면 전체 지역 정책을 요약해도 돼?,12,938.4166666666666,972.25,1910.6666666666667,0.002464270266666667,14950.0,35799,openai/gpt-oss-120b / cerebras,deepseek/deepseek-v4-flash / deepinfra
RAG-Q-315,사용자가 '복지관에 가면 기초연금 신청도 되고 일자리도 바로 되나요'라고 물으면 어떻게 분리해야 해?,12,937.4166666666666,1271.5,2208.9166666666665,0.0027941101833333336,22017.416666666668,39925,openai/gpt-oss-120b / cerebras,deepseek/deepseek-v4-flash / deepinfra
RAG-Q-316,노인복지시설에 들어가면 기초연금은 자동으로 끊기냐고 물으면 어떤 문서들을 봐도 확정하기 어려워?,12,940.5,1371.5833333333333,2312.0833333333335,0.0030174216,26040.916666666668,51954,openai/gpt-oss-120b / cerebras,deepseek/deepseek-v4-flash / deepinfra
RAG-Q-317,노인학대가 의심되는 시설이 서울 목록에 있으면 그 시설을 RAG 답변에서 공개적으로 문제 시설이라고 써도 돼?,12,940.3333333333334,1441.0,2381.3333333333335,0.0031964705999999996,23615.833333333332,46640,openai/gpt-oss-120b / cerebras,deepseek/deepseek-v4-flash / deepinfra
RAG-Q-318,노인일자리 수행기관 목록에 기관이 많으면 그 지역 노인일자리 경쟁률이 낮다고 말해도 돼?,12,936.25,964.9166666666666,1901.1666666666667,0.0020808471,16214.416666666666,29222,openai/gpt-oss-120b / cerebras,deepseek/deepseek-v4-flash / deepinfra
RAG-Q-319,노인일자리 참여자가 경로당에서도 봉사하면 노인일자리 급여와 경로당 운영비를 둘 다 개인이 받을 수 있다고 봐도 돼?,12,949.0,1595.4166666666667,2544.4166666666665,0.0035741961833333333,26676.083333333332,47921,openai/gpt-oss-120b / cerebras,deepseek/deepseek-v4-flash / deepinfra
RAG-Q-320,노인복지법에 노인 인권교육이 있고 노인맞춤돌봄 사업안내에 종사자 권리가 있으면 모든 생활지원사가 같은 교육을 받아야 한다고 답해도 돼?,12,956.1666666666666,1361.0833333333333,2317.25,0.0030700352666666667,22633.083333333332,40972,openai/gpt-oss-120b / cerebras,deepseek/deepseek-v4-flash / deepinfra
RAG-Q-321,노인일자리 사업을 하는 어르신이 사망했을 때 유족이 남은 활동비를 받을 수 있나요?,12,933.5,1421.6666666666667,2355.1666666666665,0.003278224183333333,24862.0,65615,openai/gpt-oss-120b / cerebras,deepseek/deepseek-v4-flash / deepinfra
RAG-Q-322,기초연금을 받다가 해외에 6개월 이상 체류하면 자동으로 중지되나요?,12,928.3333333333334,1200.5833333333333,2128.9166666666665,0.0027486234333333336,20300.75,40111,openai/gpt-oss-120b / cerebras,deepseek/deepseek-v4-flash / deepinfra
RAG-Q-323,"수급자와 수급권자 모두 가능한 것처럼 설명했는데, 기초연금에서 두 개념을 뒤섞어 답하면 왜 실패야?",12,938.5833333333334,1433.9166666666667,2372.5,0.003116542933333333,24520.166666666668,43130,openai/gpt-oss-120b / cerebras,deepseek/deepseek-v4-flash / deepinfra
RAG-Q-324,노인맞춤돌봄 서비스를 받던 어르신이 요양병원에 입원했는데 서비스가 자동으로 계속되나요?,12,940.0833333333334,1188.6666666666667,2128.75,0.002586716933333333,18700.083333333332,40979,openai/gpt-oss-120b / cerebras,deepseek/deepseek-v4-flash / deepinfra
RAG-Q-325,노인복지정책 CSV 자료에 금액이 나와 있는데 그게 현재도 적용되는 금액인가요?,12,928.6666666666666,1046.6666666666667,1975.3333333333333,0.002455950933333333,18363.666666666668,31809,openai/gpt-oss-120b / cerebras,deepseek/deepseek-v4-flash / deepinfra
RAG-Q-326,여러 지역 노인복지 자료를 동시에 검색했는데 지역마다 지원 금액이 달라요. 어느 지역 기준이 맞나요?,12,948.3333333333334,1021.0,1969.3333333333333,0.0023242112666666667,69467.58333333333,602380,openai/gpt-oss-120b / cerebras,deepseek/deepseek-v4-flash / gmicloud
RAG-Q-327,노인맞춤돌봄 서비스를 신청했는데 대기 중이에요. 기다리는 동안 다른 서비스를 받을 수 있나요?,12,938.8333333333334,1622.5,2561.3333333333335,0.0037756410166666665,29077.666666666668,60105,openai/gpt-oss-120b / cerebras,deepseek/deepseek-v4-flash / deepinfra
RAG-Q-328,"돌봄 종사자가 이용자 집에서 귀중품이 없어진 것 같은데, 노인맞춤돌봄 사업안내에 이런 상황에 대한 처리 절차가 있나요?",12,949.25,1469.8333333333333,2419.0833333333335,0.0035144941833333333,26617.916666666668,58916,openai/gpt-oss-120b / cerebras,deepseek/deepseek-v4-flash / deepinfra
RAG-Q-329,노인일자리 사업 참여자가 활동 중 부상을 입으면 산재보험 적용이 되나요?,12,926.4166666666666,1319.25,2245.6666666666665,0.002918587933333333,25000.583333333332,57147,openai/gpt-oss-120b / cerebras,deepseek/deepseek-v4-flash / deepinfra
RAG-Q-330,"KOSIS 자료에 나온 노인 인구 수와 지역 CSV의 어르신 수가 다른데, 어느 걸 정답으로 봐야 하나요?",12,937.5833333333334,1344.0833333333333,2281.6666666666665,0.00305050885,24283.916666666668,40041,openai/gpt-oss-120b / cerebras,deepseek/deepseek-v4-flash / deepinfra
RAG-Q-331,노인복지정책 자료에 '신청 가능'이라고 적혀 있으면 제가 지금 바로 신청할 수 있다는 뜻인가요?,12,935.3333333333334,941.6666666666666,1877.0,0.0021081551833333333,16642.083333333332,28510,openai/gpt-oss-120b / cerebras,deepseek/deepseek-v4-flash / deepseek
RAG-Q-332,기초연금과 장애인연금을 동시에 받고 있다고 하면 두 제도가 서로 영향을 주는지 RAG로 답할 수 있어요?,12,940.0,1721.5,2661.5,0.004229454266666666,29345.25,82715,openai/gpt-oss-120b / cerebras,deepseek/deepseek-v4-flash / deepinfra
RAG-Q-333,"지역 경로당 현황 자료에 나온 경로당 중 폐쇄된 곳이 있을 수 있는데, 데이터만 보고 운영 중이라고 말해도 되나요?",12,941.25,939.4166666666666,1880.6666666666667,0.00216172985,15353.333333333334,26829,openai/gpt-oss-120b / cerebras,deepseek/deepseek-v4-flash / deepinfra
RAG-Q-334,"부산 해운대구에 있는 노인일자리 수행기관 담당자에게 연락하고 싶은데, 수행기관 자료에 전화번호가 없으면 어떻게 안내해야 해?",12,944.1666666666666,1372.25,2316.4166666666665,0.0032739376,22407.833333333332,49091,openai/gpt-oss-120b / cerebras,deepseek/deepseek-v4-flash / deepinfra
RAG-Q-335,기초연금법에서 '소득인정액'을 계산하는 공식이 있나요? 있다면 제 소득을 직접 넣어서 계산해 드릴 수 있나요?,12,944.3333333333334,1771.5833333333333,2715.9166666666665,0.004461771933333333,28450.916666666668,77161,openai/gpt-oss-120b / cerebras,deepseek/deepseek-v4-flash / deepinfra
RAG-Q-336,전국 노인일자리 및 노후생활 현황 엑셀 파일이 있는데 여기서 특정 지역 어르신의 노후생활 만족도를 알 수 있나요?,12,945.0833333333334,1166.3333333333333,2111.4166666666665,0.0025261751833333336,21355.333333333332,39162,openai/gpt-oss-120b / cerebras,deepseek/deepseek-v4-flash / deepinfra
RAG-Q-337,노인맞춤돌봄 사업안내 2026년 버전이 있는데 2025년에 적용된 내용이 궁금하다면 이 파일로 답할 수 있나요?,12,948.0833333333334,1032.3333333333333,1980.4166666666667,0.0023373071,17653.0,39565,openai/gpt-oss-120b / cerebras,deepseek/deepseek-v4-flash / deepinfra
RAG-Q-338,"어르신 한 분이 기초연금 신청, 노인맞춤돌봄 신청, 노인일자리 신청을 동시에 하고 싶다고 하면 한 번에 신청할 수 있나요?",12,952.8333333333334,1662.25,2615.0833333333335,0.00382576435,27269.916666666668,61354,openai/gpt-oss-120b / cerebras,deepseek/deepseek-v4-flash / deepinfra
RAG-Q-339,"잡코리아 고령자 채용 데이터가 오래됐을 수 있는데, 여기 나온 공고에 지금도 지원할 수 있나요?",12,936.25,918.1666666666666,1854.4166666666667,0.0020614177666666666,19249.5,42365,openai/gpt-oss-120b / cerebras,deepseek/deepseek-v4-flash / gmicloud
RAG-Q-340,같은 어르신이 경기도 수원시와 부산 해운대구 자료에 동시에 등장할 수 있나요? 둘 다 신청하면 이중수급인가요?,12,946.0833333333334,1800.4166666666667,2746.5,0.0040802646,31083.5,64504,openai/gpt-oss-120b / cerebras,deepseek/deepseek-v4-flash / deepinfra
RAG-Q-341,노인맞춤돌봄을 받던 어르신이 장기요양기관에 입소 예정이면 돌봄 서비스는 자동 종료되나요?,12,944.0,1212.25,2156.25,0.0028939292666666666,21614.333333333332,40088,openai/gpt-oss-120b / cerebras,deepseek/deepseek-v4-flash / deepinfra
RAG-Q-342,기초연금을 받는 어르신이 노인일자리 활동비를 받기 시작하면 기초연금이 바로 줄어드나요?,12,935.5833333333334,1610.3333333333333,2545.9166666666665,0.00374930085,27551.833333333332,66024,openai/gpt-oss-120b / cerebras,deepseek/deepseek-v4-flash / deepinfra
RAG-Q-343,"노인일자리 참여 중 다쳐서 병원에 입원했는데, 산재보험 처리와 노인맞춤돌봄 신청을 한 번에 안내할 수 있나요?",12,949.0833333333334,2168.8333333333335,3117.9166666666665,0.004980093683333333,38849.75,90756,openai/gpt-oss-120b / cerebras,deepseek/deepseek-v4-flash / deepinfra
RAG-Q-344,잡코리아 고령자 채용공고에 합격해서 일하면 기초연금은 자동으로 중지되나요?,12,930.6666666666666,1239.8333333333333,2170.5,0.0028381181,22304.083333333332,57050,openai/gpt-oss-120b / cerebras,deepseek/deepseek-v4-flash / deepinfra
RAG-Q-345,서울에 사는 부모님이 부산 노인요양시설에 들어가고 싶다면 서울 시설 자료와 부산 시설 자료 중 어느 걸 써야 해요?,12,944.0833333333334,1149.4166666666667,2093.5,0.0026796501,18905.333333333332,40404,openai/gpt-oss-120b / cerebras,deepseek/deepseek-v4-flash / deepinfra
RAG-Q-346,"경기도 노인복지정책 CSV 금액과 조례 근거가 같이 검색됐는데, 둘이 다르면 어떤 걸 정답으로 봐야 하나요?",12,941.5,1220.6666666666667,2162.1666666666665,0.002811409516666667,22362.583333333332,55550,openai/gpt-oss-120b / cerebras,deepseek/deepseek-v4-flash / deepinfra
RAG-Q-347,기초연금을 받는 대전 서구 어르신이 장수축하금을 받으면 그 돈도 소득인정액에 들어가나요?,12,938.5,1566.75,2505.25,0.0034692966,27275.75,67801,openai/gpt-oss-120b / cerebras,deepseek/deepseek-v4-flash / deepinfra
RAG-Q-348,경로당 청소를 노인일자리로 하는 어르신이 경로당 운영비도 개인이 받을 수 있나요?,12,932.5833333333334,1324.25,2256.8333333333335,0.0027600331,24433.5,43885,openai/gpt-oss-120b / cerebras,deepseek/deepseek-v4-flash / deepinfra
RAG-Q-349,노인맞춤돌봄 대기 중인 어르신이 노인일자리도 신청하면 돌봄 대기 순번이 취소되나요?,12,941.3333333333334,1479.75,2421.0833333333335,0.0035169115166666667,27154.666666666668,52941,openai/gpt-oss-120b / cerebras,deepseek/deepseek-v4-flash / deepinfra
RAG-Q-350,울산 남구 독거노인 생활민원 지원과 노인맞춤돌봄을 같이 신청하면 보일러 수리와 정기 방문을 한 번에 받을 수 있나요?,12,949.25,1846.4166666666667,2795.6666666666665,0.00412770535,33971.666666666664,73526,openai/gpt-oss-120b / cerebras,deepseek/deepseek-v4-flash / deepinfra
RAG-Q-351,KOSIS 노인복지시설 수가 줄어든 지역은 특정 시설이 폐쇄됐다고 봐도 되나요?,12,937.0833333333334,1180.0,2117.0833333333335,0.0026600306833333334,20688.0,49541,openai/gpt-oss-120b / cerebras,deepseek/deepseek-v4-flash / deepinfra
RAG-Q-352,2025년 11월 기준 노인인구 CSV가 있으면 2026년 현재 인구라고 답해도 되나요?,12,931.6666666666666,1135.25,2066.9166666666665,0.0026411420166666667,22379.833333333332,38178,openai/gpt-oss-120b / cerebras,deepseek/deepseek-v4-flash / deepinfra
RAG-Q-353,기초연금 수급자가 해외 체류 중 사망했다면 유족이 미지급 기초연금을 받을 수 있나요?,12,934.5,1686.75,2621.25,0.004199631933333334,31133.166666666668,60276,openai/gpt-oss-120b / cerebras,deepseek/deepseek-v4-flash / deepinfra
RAG-Q-354,노인복지시설 현황 엑셀에 정원과 현원이 있으면 빈자리가 있는 시설이라고 안내해도 되나요?,12,937.25,1219.6666666666667,2156.9166666666665,0.00277720985,20615.75,34421,openai/gpt-oss-120b / cerebras,deepseek/deepseek-v4-flash / deepinfra
RAG-Q-355,2026년 노인맞춤돌봄 사업안내가 있으니 올해는 지금 바로 신청할 수 있다고 답해도 되나요?,12,940.9166666666666,1496.4166666666667,2437.3333333333335,0.0031799221833333333,27219.416666666668,63762,openai/gpt-oss-120b / cerebras,deepseek/deepseek-v4-flash / deepinfra
RAG-Q-356,잡코리아 공고 회사명이 노인일자리 수행기관 이름과 비슷하면 같은 사업으로 안내해도 되나요?,12,935.1666666666666,1363.0,2298.1666666666665,0.0028456565166666663,23478.666666666668,42187,openai/gpt-oss-120b / cerebras,deepseek/deepseek-v4-flash / deepinfra
RAG-Q-357,시급이 낮은 고령자 채용공고에 지원하면 최저임금 문제와 기초연금 소득 문제를 같이 판단해줘도 되나요?,12,941.5,1818.6666666666667,2760.1666666666665,0.004114558516666667,31090.916666666668,80163,openai/gpt-oss-120b / cerebras,deepseek/deepseek-v4-flash / deepinfra
RAG-Q-358,인천 중구 노인복지시설과 인천 연수구 노인일자리 자료가 같이 나오면 인천시 어르신 지원으로 묶어서 안내해도 되나요?,12,947.3333333333334,1018.0,1965.3333333333333,0.0022681995166666667,18059.833333333332,31133,openai/gpt-oss-120b / cerebras,deepseek/deepseek-v4-flash / deepinfra
RAG-Q-359,노인학대예방교육 현황이 낮은 지역이면 그 지역 노인복지시설이 위험하다고 답해도 되나요?,12,937.3333333333334,1188.25,2125.5833333333335,0.0027428460166666665,21598.666666666668,43553,openai/gpt-oss-120b / cerebras,deepseek/deepseek-v4-flash / deepinfra
RAG-Q-360,65세 미만인데 장애가 있으면 기초연금 대신 노인복지법 지원으로 받을 수 있다고 답해도 되나요?,12,937.25,1411.5,2348.75,0.0030555350166666666,24689.5,54504,openai/gpt-oss-120b / cerebras,deepseek/deepseek-v4-flash / deepinfra
